dataset,size,variant,method,alpha,model_type,input_size,word2vec_len,epochs,batch_size,val_split,train_seconds,train_file,test_file,test_acc,timestamp,meta_path,acc,precision,recall,f1,auroc,pr_auc,pct
sst2,1_tiny,baseline,,,cnn,50,100,11,256,0.1,17.38,/content/drive/MyDrive/EDA_Project/size_data_f1/1_tiny/sst2/train_orig.txt,/content/drive/MyDrive/EDA_Project/size_data_f1/test/sst2/test.txt,0.731651376146789,2025-10-19_00-11-13,/content/drive/MyDrive/EDA_Project/models_v1/sst2__size-1_tiny__cnn__baseline__2025-10-19_00-11-13.json,0.731651376146789,,,,,,5.0
sst2,1_tiny,baseline,,,cnn,50,100,13,256,0.1,10.09,/content/drive/MyDrive/EDA_Project/size_data_f1/1_tiny/sst2/train_orig.txt,/content/drive/MyDrive/EDA_Project/size_data_f1/test/sst2/test.txt,0.7580275229357798,2025-10-19_00-20-23,/content/drive/MyDrive/EDA_Project/models_v1/sst2__size-1_tiny__cnn__baseline__2025-10-19_00-20-23.json,0.7580275229357798,,,,,,5.0
sst2,1_tiny,baseline,,,cnn,50,100,15,256,0.1,10.64,/content/drive/MyDrive/EDA_Project/size_data_f1/1_tiny/sst2/train_orig.txt,/content/drive/MyDrive/EDA_Project/size_data_f1/test/sst2/test.txt,0.7408256880733946,2025-10-19_01-47-40,/content/drive/MyDrive/EDA_Project/models_v1/sst2__size-1_tiny__cnn__baseline__2025-10-19_01-47-39.json,0.7408256880733946,,,,,,5.0
sst2,1_tiny,eda,rd,0.1,cnn,50,100,15,256,0.1,12.74,/content/drive/MyDrive/EDA_Project/size_data_f1/1_tiny/sst2/train_rd_0.1.txt,/content/drive/MyDrive/EDA_Project/size_data_f1/test/sst2/test.txt,0.7282110091743119,2025-10-19_00-23-00,/content/drive/MyDrive/EDA_Project/models_v1/sst2__size-1_tiny__cnn__eda-rd_a0.1__2025-10-19_00-23-00.json,0.7282110091743119,,,,,,5.0
sst2,1_tiny,eda,rd,0.1,cnn,50,100,11,256,0.1,11.54,/content/drive/MyDrive/EDA_Project/size_data_f1/1_tiny/sst2/train_rd_0.1.txt,/content/drive/MyDrive/EDA_Project/size_data_f1/test/sst2/test.txt,0.7190366972477065,2025-10-19_01-50-15,/content/drive/MyDrive/EDA_Project/models_v1/sst2__size-1_tiny__cnn__eda-rd_a0.1__2025-10-19_01-50-15.json,0.7190366972477065,,,,,,5.0
sst2,1_tiny,eda,rd,0.2,cnn,50,100,11,256,0.1,11.15,/content/drive/MyDrive/EDA_Project/size_data_f1/1_tiny/sst2/train_rd_0.2.txt,/content/drive/MyDrive/EDA_Project/size_data_f1/test/sst2/test.txt,0.7419724770642202,2025-10-19_00-23-13,/content/drive/MyDrive/EDA_Project/models_v1/sst2__size-1_tiny__cnn__eda-rd_a0.2__2025-10-19_00-23-13.json,0.7419724770642202,,,,,,5.0
sst2,1_tiny,eda,rd,0.2,cnn,50,100,15,256,0.1,12.93,/content/drive/MyDrive/EDA_Project/size_data_f1/1_tiny/sst2/train_rd_0.2.txt,/content/drive/MyDrive/EDA_Project/size_data_f1/test/sst2/test.txt,0.7305045871559633,2025-10-19_01-50-30,/content/drive/MyDrive/EDA_Project/models_v1/sst2__size-1_tiny__cnn__eda-rd_a0.2__2025-10-19_01-50-30.json,0.7305045871559633,,,,,,5.0
sst2,1_tiny,eda,rd,0.3,cnn,50,100,9,256,0.1,10.39,/content/drive/MyDrive/EDA_Project/size_data_f1/1_tiny/sst2/train_rd_0.3.txt,/content/drive/MyDrive/EDA_Project/size_data_f1/test/sst2/test.txt,0.7224770642201835,2025-10-19_00-23-26,/content/drive/MyDrive/EDA_Project/models_v1/sst2__size-1_tiny__cnn__eda-rd_a0.3__2025-10-19_00-23-26.json,0.7224770642201835,,,,,,5.0
sst2,1_tiny,eda,rd,0.3,cnn,50,100,12,256,0.1,11.83,/content/drive/MyDrive/EDA_Project/size_data_f1/1_tiny/sst2/train_rd_0.3.txt,/content/drive/MyDrive/EDA_Project/size_data_f1/test/sst2/test.txt,0.713302752293578,2025-10-19_01-50-44,/content/drive/MyDrive/EDA_Project/models_v1/sst2__size-1_tiny__cnn__eda-rd_a0.3__2025-10-19_01-50-44.json,0.713302752293578,,,,,,5.0
sst2,1_tiny,eda,rd,0.4,cnn,50,100,9,256,0.1,10.4,/content/drive/MyDrive/EDA_Project/size_data_f1/1_tiny/sst2/train_rd_0.4.txt,/content/drive/MyDrive/EDA_Project/size_data_f1/test/sst2/test.txt,0.7052752293577982,2025-10-19_00-23-39,/content/drive/MyDrive/EDA_Project/models_v1/sst2__size-1_tiny__cnn__eda-rd_a0.4__2025-10-19_00-23-39.json,0.7052752293577982,,,,,,5.0
sst2,1_tiny,eda,rd,0.4,cnn,50,100,8,256,0.1,10.42,/content/drive/MyDrive/EDA_Project/size_data_f1/1_tiny/sst2/train_rd_0.4.txt,/content/drive/MyDrive/EDA_Project/size_data_f1/test/sst2/test.txt,0.7155963302752294,2025-10-19_01-50-56,/content/drive/MyDrive/EDA_Project/models_v1/sst2__size-1_tiny__cnn__eda-rd_a0.4__2025-10-19_01-50-56.json,0.7155963302752294,,,,,,5.0
sst2,1_tiny,eda,rd,0.5,cnn,50,100,11,256,0.1,11.15,/content/drive/MyDrive/EDA_Project/size_data_f1/1_tiny/sst2/train_rd_0.5.txt,/content/drive/MyDrive/EDA_Project/size_data_f1/test/sst2/test.txt,0.7178899082568807,2025-10-19_00-23-52,/content/drive/MyDrive/EDA_Project/models_v1/sst2__size-1_tiny__cnn__eda-rd_a0.5__2025-10-19_00-23-52.json,0.7178899082568807,,,,,,5.0
sst2,1_tiny,eda,rd,0.5,cnn,50,100,9,256,0.1,10.73,/content/drive/MyDrive/EDA_Project/size_data_f1/1_tiny/sst2/train_rd_0.5.txt,/content/drive/MyDrive/EDA_Project/size_data_f1/test/sst2/test.txt,0.7236238532110092,2025-10-19_01-51-08,/content/drive/MyDrive/EDA_Project/models_v1/sst2__size-1_tiny__cnn__eda-rd_a0.5__2025-10-19_01-51-08.json,0.7236238532110092,,,,,,5.0
sst2,1_tiny,eda,ri,0.1,cnn,50,100,16,256,0.1,12.93,/content/drive/MyDrive/EDA_Project/size_data_f1/1_tiny/sst2/train_ri_0.1.txt,/content/drive/MyDrive/EDA_Project/size_data_f1/test/sst2/test.txt,0.7442660550458715,2025-10-19_00-11-58,/content/drive/MyDrive/EDA_Project/models_v1/sst2__size-1_tiny__cnn__eda-ri_a0.1__2025-10-19_00-11-58.json,0.7442660550458715,,,,,,5.0
sst2,1_tiny,eda,ri,0.1,cnn,50,100,14,256,0.1,12.14,/content/drive/MyDrive/EDA_Project/size_data_f1/1_tiny/sst2/train_ri_0.1.txt,/content/drive/MyDrive/EDA_Project/size_data_f1/test/sst2/test.txt,0.7373853211009175,2025-10-19_00-21-48,/content/drive/MyDrive/EDA_Project/models_v1/sst2__size-1_tiny__cnn__eda-ri_a0.1__2025-10-19_00-21-48.json,0.7373853211009175,,,,,,5.0
sst2,1_tiny,eda,ri,0.1,cnn,50,100,16,256,0.1,13.53,/content/drive/MyDrive/EDA_Project/size_data_f1/1_tiny/sst2/train_ri_0.1.txt,/content/drive/MyDrive/EDA_Project/size_data_f1/test/sst2/test.txt,0.7396788990825688,2025-10-19_01-49-06,/content/drive/MyDrive/EDA_Project/models_v1/sst2__size-1_tiny__cnn__eda-ri_a0.1__2025-10-19_01-49-06.json,0.7396788990825688,,,,,,5.0
sst2,1_tiny,eda,ri,0.2,cnn,50,100,12,256,0.1,11.49,/content/drive/MyDrive/EDA_Project/size_data_f1/1_tiny/sst2/train_ri_0.2.txt,/content/drive/MyDrive/EDA_Project/size_data_f1/test/sst2/test.txt,0.7282110091743119,2025-10-19_00-22-02,/content/drive/MyDrive/EDA_Project/models_v1/sst2__size-1_tiny__cnn__eda-ri_a0.2__2025-10-19_00-22-02.json,0.7282110091743119,,,,,,5.0
sst2,1_tiny,eda,ri,0.2,cnn,50,100,16,256,0.1,13.5,/content/drive/MyDrive/EDA_Project/size_data_f1/1_tiny/sst2/train_ri_0.2.txt,/content/drive/MyDrive/EDA_Project/size_data_f1/test/sst2/test.txt,0.7396788990825688,2025-10-19_01-49-21,/content/drive/MyDrive/EDA_Project/models_v1/sst2__size-1_tiny__cnn__eda-ri_a0.2__2025-10-19_01-49-21.json,0.7396788990825688,,,,,,5.0
sst2,1_tiny,eda,ri,0.3,cnn,50,100,15,256,0.1,12.48,/content/drive/MyDrive/EDA_Project/size_data_f1/1_tiny/sst2/train_ri_0.3.txt,/content/drive/MyDrive/EDA_Project/size_data_f1/test/sst2/test.txt,0.7282110091743119,2025-10-19_00-12-12,/content/drive/MyDrive/EDA_Project/models_v1/sst2__size-1_tiny__cnn__eda-ri_a0.3__2025-10-19_00-12-12.json,0.7282110091743119,,,,,,5.0
sst2,1_tiny,eda,ri,0.3,cnn,50,100,16,256,0.1,12.85,/content/drive/MyDrive/EDA_Project/size_data_f1/1_tiny/sst2/train_ri_0.3.txt,/content/drive/MyDrive/EDA_Project/size_data_f1/test/sst2/test.txt,0.7224770642201835,2025-10-19_00-22-16,/content/drive/MyDrive/EDA_Project/models_v1/sst2__size-1_tiny__cnn__eda-ri_a0.3__2025-10-19_00-22-16.json,0.7224770642201835,,,,,,5.0
sst2,1_tiny,eda,ri,0.3,cnn,50,100,11,256,0.1,11.51,/content/drive/MyDrive/EDA_Project/size_data_f1/1_tiny/sst2/train_ri_0.3.txt,/content/drive/MyDrive/EDA_Project/size_data_f1/test/sst2/test.txt,0.7190366972477065,2025-10-19_01-49-35,/content/drive/MyDrive/EDA_Project/models_v1/sst2__size-1_tiny__cnn__eda-ri_a0.3__2025-10-19_01-49-35.json,0.7190366972477065,,,,,,5.0
sst2,1_tiny,eda,ri,0.4,cnn,50,100,11,256,0.1,11.61,/content/drive/MyDrive/EDA_Project/size_data_f1/1_tiny/sst2/train_ri_0.4.txt,/content/drive/MyDrive/EDA_Project/size_data_f1/test/sst2/test.txt,0.7396788990825688,2025-10-19_00-22-30,/content/drive/MyDrive/EDA_Project/models_v1/sst2__size-1_tiny__cnn__eda-ri_a0.4__2025-10-19_00-22-30.json,0.7396788990825688,,,,,,5.0
sst2,1_tiny,eda,ri,0.4,cnn,50,100,12,256,0.1,11.93,/content/drive/MyDrive/EDA_Project/size_data_f1/1_tiny/sst2/train_ri_0.4.txt,/content/drive/MyDrive/EDA_Project/size_data_f1/test/sst2/test.txt,0.7327981651376146,2025-10-19_01-49-48,/content/drive/MyDrive/EDA_Project/models_v1/sst2__size-1_tiny__cnn__eda-ri_a0.4__2025-10-19_01-49-48.json,0.7327981651376146,,,,,,5.0
sst2,1_tiny,eda,ri,0.5,cnn,50,100,13,256,0.1,11.94,/content/drive/MyDrive/EDA_Project/size_data_f1/1_tiny/sst2/train_ri_0.5.txt,/content/drive/MyDrive/EDA_Project/size_data_f1/test/sst2/test.txt,0.7327981651376146,2025-10-19_00-22-44,/content/drive/MyDrive/EDA_Project/models_v1/sst2__size-1_tiny__cnn__eda-ri_a0.5__2025-10-19_00-22-44.json,0.7327981651376146,,,,,,5.0
sst2,1_tiny,eda,ri,0.5,cnn,50,100,12,256,0.1,11.87,/content/drive/MyDrive/EDA_Project/size_data_f1/1_tiny/sst2/train_ri_0.5.txt,/content/drive/MyDrive/EDA_Project/size_data_f1/test/sst2/test.txt,0.7327981651376146,2025-10-19_01-50-02,/content/drive/MyDrive/EDA_Project/models_v1/sst2__size-1_tiny__cnn__eda-ri_a0.5__2025-10-19_01-50-02.json,0.7327981651376146,,,,,,5.0
sst2,1_tiny,eda,rs,0.1,cnn,50,100,12,256,0.1,11.55,/content/drive/MyDrive/EDA_Project/size_data_f1/1_tiny/sst2/train_rs_0.1.txt,/content/drive/MyDrive/EDA_Project/size_data_f1/test/sst2/test.txt,0.7557339449541285,2025-10-19_00-24-06,/content/drive/MyDrive/EDA_Project/models_v1/sst2__size-1_tiny__cnn__eda-rs_a0.1__2025-10-19_00-24-06.json,0.7557339449541285,,,,,,5.0
sst2,1_tiny,eda,rs,0.1,cnn,50,100,13,256,0.1,12.16,/content/drive/MyDrive/EDA_Project/size_data_f1/1_tiny/sst2/train_rs_0.1.txt,/content/drive/MyDrive/EDA_Project/size_data_f1/test/sst2/test.txt,0.7557339449541285,2025-10-19_01-51-22,/content/drive/MyDrive/EDA_Project/models_v1/sst2__size-1_tiny__cnn__eda-rs_a0.1__2025-10-19_01-51-22.json,0.7557339449541285,,,,,,5.0
sst2,1_tiny,eda,rs,0.2,cnn,50,100,12,256,0.1,11.46,/content/drive/MyDrive/EDA_Project/size_data_f1/1_tiny/sst2/train_rs_0.2.txt,/content/drive/MyDrive/EDA_Project/size_data_f1/test/sst2/test.txt,0.7362385321100917,2025-10-19_00-24-20,/content/drive/MyDrive/EDA_Project/models_v1/sst2__size-1_tiny__cnn__eda-rs_a0.2__2025-10-19_00-24-20.json,0.7362385321100917,,,,,,5.0
sst2,1_tiny,eda,rs,0.2,cnn,50,100,12,256,0.1,11.77,/content/drive/MyDrive/EDA_Project/size_data_f1/1_tiny/sst2/train_rs_0.2.txt,/content/drive/MyDrive/EDA_Project/size_data_f1/test/sst2/test.txt,0.7247706422018348,2025-10-19_01-51-35,/content/drive/MyDrive/EDA_Project/models_v1/sst2__size-1_tiny__cnn__eda-rs_a0.2__2025-10-19_01-51-35.json,0.7247706422018348,,,,,,5.0
sst2,1_tiny,eda,rs,0.3,cnn,50,100,13,256,0.1,11.78,/content/drive/MyDrive/EDA_Project/size_data_f1/1_tiny/sst2/train_rs_0.3.txt,/content/drive/MyDrive/EDA_Project/size_data_f1/test/sst2/test.txt,0.7477064220183486,2025-10-19_00-24-34,/content/drive/MyDrive/EDA_Project/models_v1/sst2__size-1_tiny__cnn__eda-rs_a0.3__2025-10-19_00-24-34.json,0.7477064220183486,,,,,,5.0
sst2,1_tiny,eda,rs,0.3,cnn,50,100,13,256,0.1,12.09,/content/drive/MyDrive/EDA_Project/size_data_f1/1_tiny/sst2/train_rs_0.3.txt,/content/drive/MyDrive/EDA_Project/size_data_f1/test/sst2/test.txt,0.7568807339449541,2025-10-19_01-51-49,/content/drive/MyDrive/EDA_Project/models_v1/sst2__size-1_tiny__cnn__eda-rs_a0.3__2025-10-19_01-51-49.json,0.7568807339449541,,,,,,5.0
sst2,1_tiny,eda,rs,0.4,cnn,50,100,11,256,0.1,11.7,/content/drive/MyDrive/EDA_Project/size_data_f1/1_tiny/sst2/train_rs_0.4.txt,/content/drive/MyDrive/EDA_Project/size_data_f1/test/sst2/test.txt,0.7224770642201835,2025-10-19_00-24-48,/content/drive/MyDrive/EDA_Project/models_v1/sst2__size-1_tiny__cnn__eda-rs_a0.4__2025-10-19_00-24-48.json,0.7224770642201835,,,,,,5.0
sst2,1_tiny,eda,rs,0.4,cnn,50,100,10,256,0.1,11.12,/content/drive/MyDrive/EDA_Project/size_data_f1/1_tiny/sst2/train_rs_0.4.txt,/content/drive/MyDrive/EDA_Project/size_data_f1/test/sst2/test.txt,0.7442660550458715,2025-10-19_01-52-02,/content/drive/MyDrive/EDA_Project/models_v1/sst2__size-1_tiny__cnn__eda-rs_a0.4__2025-10-19_01-52-02.json,0.7442660550458715,,,,,,5.0
sst2,1_tiny,eda,rs,0.5,cnn,50,100,11,256,0.1,11.22,/content/drive/MyDrive/EDA_Project/size_data_f1/1_tiny/sst2/train_rs_0.5.txt,/content/drive/MyDrive/EDA_Project/size_data_f1/test/sst2/test.txt,0.7488532110091743,2025-10-19_00-25-01,/content/drive/MyDrive/EDA_Project/models_v1/sst2__size-1_tiny__cnn__eda-rs_a0.5__2025-10-19_00-25-01.json,0.7488532110091743,,,,,,5.0
sst2,1_tiny,eda,rs,0.5,cnn,50,100,10,256,0.1,11.03,/content/drive/MyDrive/EDA_Project/size_data_f1/1_tiny/sst2/train_rs_0.5.txt,/content/drive/MyDrive/EDA_Project/size_data_f1/test/sst2/test.txt,0.7626146788990825,2025-10-19_01-52-15,/content/drive/MyDrive/EDA_Project/models_v1/sst2__size-1_tiny__cnn__eda-rs_a0.5__2025-10-19_01-52-15.json,0.7626146788990825,,,,,,5.0
sst2,1_tiny,eda,sr,0.1,cnn,50,100,16,256,0.1,14.62,/content/drive/MyDrive/EDA_Project/size_data_f1/1_tiny/sst2/train_sr_0.1.txt,/content/drive/MyDrive/EDA_Project/size_data_f1/test/sst2/test.txt,0.7144495412844036,2025-10-19_00-11-30,/content/drive/MyDrive/EDA_Project/models_v1/sst2__size-1_tiny__cnn__eda-sr_a0.1__2025-10-19_00-11-30.json,0.7144495412844036,,,,,,5.0
sst2,1_tiny,eda,sr,0.1,cnn,50,100,16,256,0.1,13.02,/content/drive/MyDrive/EDA_Project/size_data_f1/1_tiny/sst2/train_sr_0.1.txt,/content/drive/MyDrive/EDA_Project/size_data_f1/test/sst2/test.txt,0.7339449541284404,2025-10-19_00-20-38,/content/drive/MyDrive/EDA_Project/models_v1/sst2__size-1_tiny__cnn__eda-sr_a0.1__2025-10-19_00-20-37.json,0.7339449541284404,,,,,,5.0
sst2,1_tiny,eda,sr,0.1,cnn,50,100,15,256,0.1,12.94,/content/drive/MyDrive/EDA_Project/size_data_f1/1_tiny/sst2/train_sr_0.1.txt,/content/drive/MyDrive/EDA_Project/size_data_f1/test/sst2/test.txt,0.7350917431192661,2025-10-19_01-47-54,/content/drive/MyDrive/EDA_Project/models_v1/sst2__size-1_tiny__cnn__eda-sr_a0.1__2025-10-19_01-47-54.json,0.7350917431192661,,,,,,5.0
sst2,1_tiny,eda,sr,0.2,cnn,50,100,14,256,0.1,12.18,/content/drive/MyDrive/EDA_Project/size_data_f1/1_tiny/sst2/train_sr_0.2.txt,/content/drive/MyDrive/EDA_Project/size_data_f1/test/sst2/test.txt,0.7110091743119266,2025-10-19_00-20-52,/content/drive/MyDrive/EDA_Project/models_v1/sst2__size-1_tiny__cnn__eda-sr_a0.2__2025-10-19_00-20-52.json,0.7110091743119266,,,,,,5.0
sst2,1_tiny,eda,sr,0.2,cnn,50,100,13,256,0.1,12.17,/content/drive/MyDrive/EDA_Project/size_data_f1/1_tiny/sst2/train_sr_0.2.txt,/content/drive/MyDrive/EDA_Project/size_data_f1/test/sst2/test.txt,0.7350917431192661,2025-10-19_01-48-08,/content/drive/MyDrive/EDA_Project/models_v1/sst2__size-1_tiny__cnn__eda-sr_a0.2__2025-10-19_01-48-08.json,0.7350917431192661,,,,,,5.0
sst2,1_tiny,eda,sr,0.3,cnn,50,100,9,256,0.1,10.38,/content/drive/MyDrive/EDA_Project/size_data_f1/1_tiny/sst2/train_sr_0.3.txt,/content/drive/MyDrive/EDA_Project/size_data_f1/test/sst2/test.txt,0.694954128440367,2025-10-19_00-11-42,/content/drive/MyDrive/EDA_Project/models_v1/sst2__size-1_tiny__cnn__eda-sr_a0.3__2025-10-19_00-11-42.json,0.694954128440367,,,,,,5.0
sst2,1_tiny,eda,sr,0.3,cnn,50,100,15,256,0.1,12.52,/content/drive/MyDrive/EDA_Project/size_data_f1/1_tiny/sst2/train_sr_0.3.txt,/content/drive/MyDrive/EDA_Project/size_data_f1/test/sst2/test.txt,0.7052752293577982,2025-10-19_00-21-06,/content/drive/MyDrive/EDA_Project/models_v1/sst2__size-1_tiny__cnn__eda-sr_a0.3__2025-10-19_00-21-06.json,0.7052752293577982,,,,,,5.0
sst2,1_tiny,eda,sr,0.3,cnn,50,100,13,256,0.1,12.15,/content/drive/MyDrive/EDA_Project/size_data_f1/1_tiny/sst2/train_sr_0.3.txt,/content/drive/MyDrive/EDA_Project/size_data_f1/test/sst2/test.txt,0.7018348623853211,2025-10-19_01-48-22,/content/drive/MyDrive/EDA_Project/models_v1/sst2__size-1_tiny__cnn__eda-sr_a0.3__2025-10-19_01-48-22.json,0.7018348623853211,,,,,,5.0
sst2,1_tiny,eda,sr,0.4,cnn,50,100,12,256,0.1,11.49,/content/drive/MyDrive/EDA_Project/size_data_f1/1_tiny/sst2/train_sr_0.4.txt,/content/drive/MyDrive/EDA_Project/size_data_f1/test/sst2/test.txt,0.7293577981651376,2025-10-19_00-21-20,/content/drive/MyDrive/EDA_Project/models_v1/sst2__size-1_tiny__cnn__eda-sr_a0.4__2025-10-19_00-21-20.json,0.7293577981651376,,,,,,5.0
sst2,1_tiny,eda,sr,0.4,cnn,50,100,13,256,0.1,12.11,/content/drive/MyDrive/EDA_Project/size_data_f1/1_tiny/sst2/train_sr_0.4.txt,/content/drive/MyDrive/EDA_Project/size_data_f1/test/sst2/test.txt,0.7236238532110092,2025-10-19_01-48-36,/content/drive/MyDrive/EDA_Project/models_v1/sst2__size-1_tiny__cnn__eda-sr_a0.4__2025-10-19_01-48-36.json,0.7236238532110092,,,,,,5.0
sst2,1_tiny,eda,sr,0.5,cnn,50,100,12,256,0.1,11.45,/content/drive/MyDrive/EDA_Project/size_data_f1/1_tiny/sst2/train_sr_0.5.txt,/content/drive/MyDrive/EDA_Project/size_data_f1/test/sst2/test.txt,0.7018348623853211,2025-10-19_00-21-34,/content/drive/MyDrive/EDA_Project/models_v1/sst2__size-1_tiny__cnn__eda-sr_a0.5__2025-10-19_00-21-34.json,0.7018348623853211,,,,,,5.0
sst2,1_tiny,eda,sr,0.5,cnn,50,100,10,256,0.1,13.51,/content/drive/MyDrive/EDA_Project/size_data_f1/1_tiny/sst2/train_sr_0.5.txt,/content/drive/MyDrive/EDA_Project/size_data_f1/test/sst2/test.txt,0.6961009174311926,2025-10-19_01-48-51,/content/drive/MyDrive/EDA_Project/models_v1/sst2__size-1_tiny__cnn__eda-sr_a0.5__2025-10-19_01-48-51.json,0.6961009174311926,,,,,,5.0
sst2,2_small,baseline,,,cnn,50,100,9,256,0.1,13.44,/content/drive/MyDrive/EDA_Project/size_data_f1/2_small/sst2/train_orig.txt,/content/drive/MyDrive/EDA_Project/size_data_f1/test/sst2/test.txt,0.7603211009174312,2025-10-19_00-25-19,/content/drive/MyDrive/EDA_Project/models_v1/sst2__size-2_small__cnn__baseline__2025-10-19_00-25-19.json,0.7603211009174312,,,,,,20.0
sst2,2_small,baseline,,,cnn,50,100,9,256,0.1,10.33,/content/drive/MyDrive/EDA_Project/size_data_f1/2_small/sst2/train_orig.txt,/content/drive/MyDrive/EDA_Project/size_data_f1/test/sst2/test.txt,0.7775229357798165,2025-10-19_01-52-27,/content/drive/MyDrive/EDA_Project/models_v1/sst2__size-2_small__cnn__baseline__2025-10-19_01-52-27.json,0.7775229357798165,,,,,,20.0
sst2,2_small,eda,rd,0.1,cnn,50,100,8,256,0.1,17.93,/content/drive/MyDrive/EDA_Project/size_data_f1/2_small/sst2/train_rd_0.1.txt,/content/drive/MyDrive/EDA_Project/size_data_f1/test/sst2/test.txt,0.7419724770642202,2025-10-19_00-29-17,/content/drive/MyDrive/EDA_Project/models_v1/sst2__size-2_small__cnn__eda-rd_a0.1__2025-10-19_00-29-17.json,0.7419724770642202,,,,,,20.0
sst2,2_small,eda,rd,0.1,cnn,50,100,10,256,0.1,20.54,/content/drive/MyDrive/EDA_Project/size_data_f1/2_small/sst2/train_rd_0.1.txt,/content/drive/MyDrive/EDA_Project/size_data_f1/test/sst2/test.txt,0.7442660550458715,2025-10-19_01-56-27,/content/drive/MyDrive/EDA_Project/models_v1/sst2__size-2_small__cnn__eda-rd_a0.1__2025-10-19_01-56-27.json,0.7442660550458715,,,,,,20.0
sst2,2_small,eda,rd,0.2,cnn,50,100,8,256,0.1,17.96,/content/drive/MyDrive/EDA_Project/size_data_f1/2_small/sst2/train_rd_0.2.txt,/content/drive/MyDrive/EDA_Project/size_data_f1/test/sst2/test.txt,0.75,2025-10-19_00-29-38,/content/drive/MyDrive/EDA_Project/models_v1/sst2__size-2_small__cnn__eda-rd_a0.2__2025-10-19_00-29-38.json,0.75,,,,,,20.0
sst2,2_small,eda,rd,0.2,cnn,50,100,9,256,0.1,19.3,/content/drive/MyDrive/EDA_Project/size_data_f1/2_small/sst2/train_rd_0.2.txt,/content/drive/MyDrive/EDA_Project/size_data_f1/test/sst2/test.txt,0.7442660550458715,2025-10-19_01-56-49,/content/drive/MyDrive/EDA_Project/models_v1/sst2__size-2_small__cnn__eda-rd_a0.2__2025-10-19_01-56-49.json,0.7442660550458715,,,,,,20.0
sst2,2_small,eda,rd,0.3,cnn,50,100,9,256,0.1,19.03,/content/drive/MyDrive/EDA_Project/size_data_f1/2_small/sst2/train_rd_0.3.txt,/content/drive/MyDrive/EDA_Project/size_data_f1/test/sst2/test.txt,0.7373853211009175,2025-10-19_00-30-00,/content/drive/MyDrive/EDA_Project/models_v1/sst2__size-2_small__cnn__eda-rd_a0.3__2025-10-19_00-30-00.json,0.7373853211009175,,,,,,20.0
sst2,2_small,eda,rd,0.3,cnn,50,100,7,256,0.1,17.07,/content/drive/MyDrive/EDA_Project/size_data_f1/2_small/sst2/train_rd_0.3.txt,/content/drive/MyDrive/EDA_Project/size_data_f1/test/sst2/test.txt,0.7454128440366973,2025-10-19_01-57-08,/content/drive/MyDrive/EDA_Project/models_v1/sst2__size-2_small__cnn__eda-rd_a0.3__2025-10-19_01-57-08.json,0.7454128440366973,,,,,,20.0
sst2,2_small,eda,rd,0.4,cnn,50,100,7,256,0.1,16.71,/content/drive/MyDrive/EDA_Project/size_data_f1/2_small/sst2/train_rd_0.4.txt,/content/drive/MyDrive/EDA_Project/size_data_f1/test/sst2/test.txt,0.7534403669724771,2025-10-19_00-30-20,/content/drive/MyDrive/EDA_Project/models_v1/sst2__size-2_small__cnn__eda-rd_a0.4__2025-10-19_00-30-20.json,0.7534403669724771,,,,,,20.0
sst2,2_small,eda,rd,0.4,cnn,50,100,9,256,0.1,19.46,/content/drive/MyDrive/EDA_Project/size_data_f1/2_small/sst2/train_rd_0.4.txt,/content/drive/MyDrive/EDA_Project/size_data_f1/test/sst2/test.txt,0.7396788990825688,2025-10-19_01-57-30,/content/drive/MyDrive/EDA_Project/models_v1/sst2__size-2_small__cnn__eda-rd_a0.4__2025-10-19_01-57-30.json,0.7396788990825688,,,,,,20.0
sst2,2_small,eda,rd,0.5,cnn,50,100,7,256,0.1,16.76,/content/drive/MyDrive/EDA_Project/size_data_f1/2_small/sst2/train_rd_0.5.txt,/content/drive/MyDrive/EDA_Project/size_data_f1/test/sst2/test.txt,0.7672018348623854,2025-10-19_00-30-40,/content/drive/MyDrive/EDA_Project/models_v1/sst2__size-2_small__cnn__eda-rd_a0.5__2025-10-19_00-30-40.json,0.7672018348623854,,,,,,20.0
sst2,2_small,eda,rd,0.5,cnn,50,100,7,256,0.1,17.04,/content/drive/MyDrive/EDA_Project/size_data_f1/2_small/sst2/train_rd_0.5.txt,/content/drive/MyDrive/EDA_Project/size_data_f1/test/sst2/test.txt,0.7465596330275229,2025-10-19_01-57-49,/content/drive/MyDrive/EDA_Project/models_v1/sst2__size-2_small__cnn__eda-rd_a0.5__2025-10-19_01-57-49.json,0.7465596330275229,,,,,,20.0
sst2,2_small,eda,ri,0.1,cnn,50,100,10,256,0.1,20.03,/content/drive/MyDrive/EDA_Project/size_data_f1/2_small/sst2/train_ri_0.1.txt,/content/drive/MyDrive/EDA_Project/size_data_f1/test/sst2/test.txt,0.7442660550458715,2025-10-19_00-27-29,/content/drive/MyDrive/EDA_Project/models_v1/sst2__size-2_small__cnn__eda-ri_a0.1__2025-10-19_00-27-29.json,0.7442660550458715,,,,,,20.0
sst2,2_small,eda,ri,0.1,cnn,50,100,8,256,0.1,18.25,/content/drive/MyDrive/EDA_Project/size_data_f1/2_small/sst2/train_ri_0.1.txt,/content/drive/MyDrive/EDA_Project/size_data_f1/test/sst2/test.txt,0.7717889908256881,2025-10-19_01-54-35,/content/drive/MyDrive/EDA_Project/models_v1/sst2__size-2_small__cnn__eda-ri_a0.1__2025-10-19_01-54-35.json,0.7717889908256881,,,,,,20.0
sst2,2_small,eda,ri,0.2,cnn,50,100,9,256,0.1,18.95,/content/drive/MyDrive/EDA_Project/size_data_f1/2_small/sst2/train_ri_0.2.txt,/content/drive/MyDrive/EDA_Project/size_data_f1/test/sst2/test.txt,0.7580275229357798,2025-10-19_00-27-52,/content/drive/MyDrive/EDA_Project/models_v1/sst2__size-2_small__cnn__eda-ri_a0.2__2025-10-19_00-27-52.json,0.7580275229357798,,,,,,20.0
sst2,2_small,eda,ri,0.2,cnn,50,100,10,256,0.1,20.47,/content/drive/MyDrive/EDA_Project/size_data_f1/2_small/sst2/train_ri_0.2.txt,/content/drive/MyDrive/EDA_Project/size_data_f1/test/sst2/test.txt,0.7442660550458715,2025-10-19_01-54-58,/content/drive/MyDrive/EDA_Project/models_v1/sst2__size-2_small__cnn__eda-ri_a0.2__2025-10-19_01-54-58.json,0.7442660550458715,,,,,,20.0
sst2,2_small,eda,ri,0.3,cnn,50,100,9,256,0.1,19.07,/content/drive/MyDrive/EDA_Project/size_data_f1/2_small/sst2/train_ri_0.3.txt,/content/drive/MyDrive/EDA_Project/size_data_f1/test/sst2/test.txt,0.768348623853211,2025-10-19_00-28-14,/content/drive/MyDrive/EDA_Project/models_v1/sst2__size-2_small__cnn__eda-ri_a0.3__2025-10-19_00-28-14.json,0.768348623853211,,,,,,20.0
sst2,2_small,eda,ri,0.3,cnn,50,100,9,256,0.1,19.31,/content/drive/MyDrive/EDA_Project/size_data_f1/2_small/sst2/train_ri_0.3.txt,/content/drive/MyDrive/EDA_Project/size_data_f1/test/sst2/test.txt,0.7545871559633027,2025-10-19_01-55-20,/content/drive/MyDrive/EDA_Project/models_v1/sst2__size-2_small__cnn__eda-ri_a0.3__2025-10-19_01-55-20.json,0.7545871559633027,,,,,,20.0
sst2,2_small,eda,ri,0.4,cnn,50,100,7,256,0.1,16.75,/content/drive/MyDrive/EDA_Project/size_data_f1/2_small/sst2/train_ri_0.4.txt,/content/drive/MyDrive/EDA_Project/size_data_f1/test/sst2/test.txt,0.7660550458715596,2025-10-19_00-28-34,/content/drive/MyDrive/EDA_Project/models_v1/sst2__size-2_small__cnn__eda-ri_a0.4__2025-10-19_00-28-34.json,0.7660550458715596,,,,,,20.0
sst2,2_small,eda,ri,0.4,cnn,50,100,10,256,0.1,20.41,/content/drive/MyDrive/EDA_Project/size_data_f1/2_small/sst2/train_ri_0.4.txt,/content/drive/MyDrive/EDA_Project/size_data_f1/test/sst2/test.txt,0.7545871559633027,2025-10-19_01-55-43,/content/drive/MyDrive/EDA_Project/models_v1/sst2__size-2_small__cnn__eda-ri_a0.4__2025-10-19_01-55-43.json,0.7545871559633027,,,,,,20.0
sst2,2_small,eda,ri,0.5,cnn,50,100,8,256,0.1,18.46,/content/drive/MyDrive/EDA_Project/size_data_f1/2_small/sst2/train_ri_0.5.txt,/content/drive/MyDrive/EDA_Project/size_data_f1/test/sst2/test.txt,0.7454128440366973,2025-10-19_00-28-57,/content/drive/MyDrive/EDA_Project/models_v1/sst2__size-2_small__cnn__eda-ri_a0.5__2025-10-19_00-28-56.json,0.7454128440366973,,,,,,20.0
sst2,2_small,eda,ri,0.5,cnn,50,100,8,256,0.1,18.4,/content/drive/MyDrive/EDA_Project/size_data_f1/2_small/sst2/train_ri_0.5.txt,/content/drive/MyDrive/EDA_Project/size_data_f1/test/sst2/test.txt,0.7534403669724771,2025-10-19_01-56-04,/content/drive/MyDrive/EDA_Project/models_v1/sst2__size-2_small__cnn__eda-ri_a0.5__2025-10-19_01-56-04.json,0.7534403669724771,,,,,,20.0
sst2,2_small,eda,rs,0.1,cnn,50,100,8,256,0.1,17.9,/content/drive/MyDrive/EDA_Project/size_data_f1/2_small/sst2/train_rs_0.1.txt,/content/drive/MyDrive/EDA_Project/size_data_f1/test/sst2/test.txt,0.7511467889908257,2025-10-19_00-31-01,/content/drive/MyDrive/EDA_Project/models_v1/sst2__size-2_small__cnn__eda-rs_a0.1__2025-10-19_00-31-01.json,0.7511467889908257,,,,,,20.0
sst2,2_small,eda,rs,0.1,cnn,50,100,10,256,0.1,20.54,/content/drive/MyDrive/EDA_Project/size_data_f1/2_small/sst2/train_rs_0.1.txt,/content/drive/MyDrive/EDA_Project/size_data_f1/test/sst2/test.txt,0.7775229357798165,2025-10-19_01-58-12,/content/drive/MyDrive/EDA_Project/models_v1/sst2__size-2_small__cnn__eda-rs_a0.1__2025-10-19_01-58-12.json,0.7775229357798165,,,,,,20.0
sst2,2_small,eda,rs,0.2,cnn,50,100,9,256,0.1,18.84,/content/drive/MyDrive/EDA_Project/size_data_f1/2_small/sst2/train_rs_0.2.txt,/content/drive/MyDrive/EDA_Project/size_data_f1/test/sst2/test.txt,0.7706422018348624,2025-10-19_00-31-23,/content/drive/MyDrive/EDA_Project/models_v1/sst2__size-2_small__cnn__eda-rs_a0.2__2025-10-19_00-31-23.json,0.7706422018348624,,,,,,20.0
sst2,2_small,eda,rs,0.2,cnn,50,100,9,256,0.1,19.36,/content/drive/MyDrive/EDA_Project/size_data_f1/2_small/sst2/train_rs_0.2.txt,/content/drive/MyDrive/EDA_Project/size_data_f1/test/sst2/test.txt,0.7729357798165137,2025-10-19_01-58-34,/content/drive/MyDrive/EDA_Project/models_v1/sst2__size-2_small__cnn__eda-rs_a0.2__2025-10-19_01-58-34.json,0.7729357798165137,,,,,,20.0
sst2,2_small,eda,rs,0.3,cnn,50,100,9,256,0.1,19.05,/content/drive/MyDrive/EDA_Project/size_data_f1/2_small/sst2/train_rs_0.3.txt,/content/drive/MyDrive/EDA_Project/size_data_f1/test/sst2/test.txt,0.7672018348623854,2025-10-19_00-31-45,/content/drive/MyDrive/EDA_Project/models_v1/sst2__size-2_small__cnn__eda-rs_a0.3__2025-10-19_00-31-45.json,0.7672018348623854,,,,,,20.0
sst2,2_small,eda,rs,0.3,cnn,50,100,7,256,0.1,17.07,/content/drive/MyDrive/EDA_Project/size_data_f1/2_small/sst2/train_rs_0.3.txt,/content/drive/MyDrive/EDA_Project/size_data_f1/test/sst2/test.txt,0.7844036697247706,2025-10-19_01-58-54,/content/drive/MyDrive/EDA_Project/models_v1/sst2__size-2_small__cnn__eda-rs_a0.3__2025-10-19_01-58-54.json,0.7844036697247706,,,,,,20.0
sst2,2_small,eda,rs,0.4,cnn,50,100,8,256,0.1,17.86,/content/drive/MyDrive/EDA_Project/size_data_f1/2_small/sst2/train_rs_0.4.txt,/content/drive/MyDrive/EDA_Project/size_data_f1/test/sst2/test.txt,0.7534403669724771,2025-10-19_00-32-06,/content/drive/MyDrive/EDA_Project/models_v1/sst2__size-2_small__cnn__eda-rs_a0.4__2025-10-19_00-32-06.json,0.7534403669724771,,,,,,20.0
sst2,2_small,eda,rs,0.4,cnn,50,100,8,256,0.1,18.17,/content/drive/MyDrive/EDA_Project/size_data_f1/2_small/sst2/train_rs_0.4.txt,/content/drive/MyDrive/EDA_Project/size_data_f1/test/sst2/test.txt,0.7568807339449541,2025-10-19_01-59-14,/content/drive/MyDrive/EDA_Project/models_v1/sst2__size-2_small__cnn__eda-rs_a0.4__2025-10-19_01-59-14.json,0.7568807339449541,,,,,,20.0
sst2,2_small,eda,rs,0.5,cnn,50,100,8,256,0.1,17.86,/content/drive/MyDrive/EDA_Project/size_data_f1/2_small/sst2/train_rs_0.5.txt,/content/drive/MyDrive/EDA_Project/size_data_f1/test/sst2/test.txt,0.7614678899082569,2025-10-19_00-32-27,/content/drive/MyDrive/EDA_Project/models_v1/sst2__size-2_small__cnn__eda-rs_a0.5__2025-10-19_00-32-27.json,0.7614678899082569,,,,,,20.0
sst2,2_small,eda,rs,0.5,cnn,50,100,7,256,0.1,19.75,/content/drive/MyDrive/EDA_Project/size_data_f1/2_small/sst2/train_rs_0.5.txt,/content/drive/MyDrive/EDA_Project/size_data_f1/test/sst2/test.txt,0.7729357798165137,2025-10-19_01-59-37,/content/drive/MyDrive/EDA_Project/models_v1/sst2__size-2_small__cnn__eda-rs_a0.5__2025-10-19_01-59-37.json,0.7729357798165137,,,,,,20.0
sst2,2_small,eda,sr,0.1,cnn,50,100,9,256,0.1,21.3,/content/drive/MyDrive/EDA_Project/size_data_f1/2_small/sst2/train_sr_0.1.txt,/content/drive/MyDrive/EDA_Project/size_data_f1/test/sst2/test.txt,0.7431192660550459,2025-10-19_00-25-43,/content/drive/MyDrive/EDA_Project/models_v1/sst2__size-2_small__cnn__eda-sr_a0.1__2025-10-19_00-25-43.json,0.7431192660550459,,,,,,20.0
sst2,2_small,eda,sr,0.1,cnn,50,100,12,256,0.1,22.69,/content/drive/MyDrive/EDA_Project/size_data_f1/2_small/sst2/train_sr_0.1.txt,/content/drive/MyDrive/EDA_Project/size_data_f1/test/sst2/test.txt,0.7327981651376146,2025-10-19_01-52-52,/content/drive/MyDrive/EDA_Project/models_v1/sst2__size-2_small__cnn__eda-sr_a0.1__2025-10-19_01-52-52.json,0.7327981651376146,,,,,,20.0
sst2,2_small,eda,sr,0.2,cnn,50,100,7,256,0.1,16.72,/content/drive/MyDrive/EDA_Project/size_data_f1/2_small/sst2/train_sr_0.2.txt,/content/drive/MyDrive/EDA_Project/size_data_f1/test/sst2/test.txt,0.7385321100917431,2025-10-19_00-26-03,/content/drive/MyDrive/EDA_Project/models_v1/sst2__size-2_small__cnn__eda-sr_a0.2__2025-10-19_00-26-03.json,0.7385321100917431,,,,,,20.0
sst2,2_small,eda,sr,0.2,cnn,50,100,7,256,0.1,17.04,/content/drive/MyDrive/EDA_Project/size_data_f1/2_small/sst2/train_sr_0.2.txt,/content/drive/MyDrive/EDA_Project/size_data_f1/test/sst2/test.txt,0.7305045871559633,2025-10-19_01-53-11,/content/drive/MyDrive/EDA_Project/models_v1/sst2__size-2_small__cnn__eda-sr_a0.2__2025-10-19_01-53-11.json,0.7305045871559633,,,,,,20.0
sst2,2_small,eda,sr,0.3,cnn,50,100,9,256,0.1,18.86,/content/drive/MyDrive/EDA_Project/size_data_f1/2_small/sst2/train_sr_0.3.txt,/content/drive/MyDrive/EDA_Project/size_data_f1/test/sst2/test.txt,0.7442660550458715,2025-10-19_00-26-25,/content/drive/MyDrive/EDA_Project/models_v1/sst2__size-2_small__cnn__eda-sr_a0.3__2025-10-19_00-26-25.json,0.7442660550458715,,,,,,20.0
sst2,2_small,eda,sr,0.3,cnn,50,100,8,256,0.1,18.24,/content/drive/MyDrive/EDA_Project/size_data_f1/2_small/sst2/train_sr_0.3.txt,/content/drive/MyDrive/EDA_Project/size_data_f1/test/sst2/test.txt,0.7408256880733946,2025-10-19_01-53-32,/content/drive/MyDrive/EDA_Project/models_v1/sst2__size-2_small__cnn__eda-sr_a0.3__2025-10-19_01-53-32.json,0.7408256880733946,,,,,,20.0
sst2,2_small,eda,sr,0.4,cnn,50,100,9,256,0.1,18.99,/content/drive/MyDrive/EDA_Project/size_data_f1/2_small/sst2/train_sr_0.4.txt,/content/drive/MyDrive/EDA_Project/size_data_f1/test/sst2/test.txt,0.7293577981651376,2025-10-19_00-26-47,/content/drive/MyDrive/EDA_Project/models_v1/sst2__size-2_small__cnn__eda-sr_a0.4__2025-10-19_00-26-47.json,0.7293577981651376,,,,,,20.0
sst2,2_small,eda,sr,0.4,cnn,50,100,8,256,0.1,18.13,/content/drive/MyDrive/EDA_Project/size_data_f1/2_small/sst2/train_sr_0.4.txt,/content/drive/MyDrive/EDA_Project/size_data_f1/test/sst2/test.txt,0.7522935779816514,2025-10-19_01-53-53,/content/drive/MyDrive/EDA_Project/models_v1/sst2__size-2_small__cnn__eda-sr_a0.4__2025-10-19_01-53-53.json,0.7522935779816514,,,,,,20.0
sst2,2_small,eda,sr,0.5,cnn,50,100,6,256,0.1,15.56,/content/drive/MyDrive/EDA_Project/size_data_f1/2_small/sst2/train_sr_0.5.txt,/content/drive/MyDrive/EDA_Project/size_data_f1/test/sst2/test.txt,0.6788990825688074,2025-10-19_00-27-06,/content/drive/MyDrive/EDA_Project/models_v1/sst2__size-2_small__cnn__eda-sr_a0.5__2025-10-19_00-27-06.json,0.6788990825688074,,,,,,20.0
sst2,2_small,eda,sr,0.5,cnn,50,100,8,256,0.1,18.25,/content/drive/MyDrive/EDA_Project/size_data_f1/2_small/sst2/train_sr_0.5.txt,/content/drive/MyDrive/EDA_Project/size_data_f1/test/sst2/test.txt,0.7534403669724771,2025-10-19_01-54-14,/content/drive/MyDrive/EDA_Project/models_v1/sst2__size-2_small__cnn__eda-sr_a0.5__2025-10-19_01-54-14.json,0.7534403669724771,,,,,,20.0
sst2,3_standard,baseline,,,cnn,50,100,8,256,0.1,15.88,/content/drive/MyDrive/EDA_Project/size_data_f1/3_standard/sst2/train_orig.txt,/content/drive/MyDrive/EDA_Project/size_data_f1/test/sst2/test.txt,0.8004587155963303,2025-10-19_00-32-47,/content/drive/MyDrive/EDA_Project/models_v1/sst2__size-3_standard__cnn__baseline__2025-10-19_00-32-47.json,0.8004587155963303,,,,,,50.0
sst2,3_standard,baseline,,,cnn,50,100,8,256,0.1,13.14,/content/drive/MyDrive/EDA_Project/size_data_f1/3_standard/sst2/train_orig.txt,/content/drive/MyDrive/EDA_Project/size_data_f1/test/sst2/test.txt,0.7924311926605505,2025-10-19_01-59-52,/content/drive/MyDrive/EDA_Project/models_v1/sst2__size-3_standard__cnn__baseline__2025-10-19_01-59-52.json,0.7924311926605505,,,,,,50.0
sst2,3_standard,eda,rd,0.1,cnn,50,100,9,256,0.1,26.84,/content/drive/MyDrive/EDA_Project/size_data_f1/3_standard/sst2/train_rd_0.1.txt,/content/drive/MyDrive/EDA_Project/size_data_f1/test/sst2/test.txt,0.7706422018348624,2025-10-19_00-38-11,/content/drive/MyDrive/EDA_Project/models_v1/sst2__size-3_standard__cnn__eda-rd_a0.1__2025-10-19_00-38-11.json,0.7706422018348624,,,,,,50.0
sst2,3_standard,eda,rd,0.1,cnn,50,100,10,256,0.1,29.33,/content/drive/MyDrive/EDA_Project/size_data_f1/3_standard/sst2/train_rd_0.1.txt,/content/drive/MyDrive/EDA_Project/size_data_f1/test/sst2/test.txt,0.7729357798165137,2025-10-19_02-05-04,/content/drive/MyDrive/EDA_Project/models_v1/sst2__size-3_standard__cnn__eda-rd_a0.1__2025-10-19_02-05-04.json,0.7729357798165137,,,,,,50.0
sst2,3_standard,eda,rd,0.2,cnn,50,100,10,256,0.1,28.7,/content/drive/MyDrive/EDA_Project/size_data_f1/3_standard/sst2/train_rd_0.2.txt,/content/drive/MyDrive/EDA_Project/size_data_f1/test/sst2/test.txt,0.7694954128440367,2025-10-19_00-38-44,/content/drive/MyDrive/EDA_Project/models_v1/sst2__size-3_standard__cnn__eda-rd_a0.2__2025-10-19_00-38-44.json,0.7694954128440367,,,,,,50.0
sst2,3_standard,eda,rd,0.2,cnn,50,100,11,256,0.1,31.17,/content/drive/MyDrive/EDA_Project/size_data_f1/3_standard/sst2/train_rd_0.2.txt,/content/drive/MyDrive/EDA_Project/size_data_f1/test/sst2/test.txt,0.7672018348623854,2025-10-19_02-05-38,/content/drive/MyDrive/EDA_Project/models_v1/sst2__size-3_standard__cnn__eda-rd_a0.2__2025-10-19_02-05-38.json,0.7672018348623854,,,,,,50.0
sst2,3_standard,eda,rd,0.3,cnn,50,100,9,256,0.1,26.66,/content/drive/MyDrive/EDA_Project/size_data_f1/3_standard/sst2/train_rd_0.3.txt,/content/drive/MyDrive/EDA_Project/size_data_f1/test/sst2/test.txt,0.7477064220183486,2025-10-19_00-39-14,/content/drive/MyDrive/EDA_Project/models_v1/sst2__size-3_standard__cnn__eda-rd_a0.3__2025-10-19_00-39-14.json,0.7477064220183486,,,,,,50.0
sst2,3_standard,eda,rd,0.3,cnn,50,100,8,256,0.1,25.59,/content/drive/MyDrive/EDA_Project/size_data_f1/3_standard/sst2/train_rd_0.3.txt,/content/drive/MyDrive/EDA_Project/size_data_f1/test/sst2/test.txt,0.7694954128440367,2025-10-19_02-06-07,/content/drive/MyDrive/EDA_Project/models_v1/sst2__size-3_standard__cnn__eda-rd_a0.3__2025-10-19_02-06-07.json,0.7694954128440367,,,,,,50.0
sst2,3_standard,eda,rd,0.4,cnn,50,100,7,256,0.1,23.19,/content/drive/MyDrive/EDA_Project/size_data_f1/3_standard/sst2/train_rd_0.4.txt,/content/drive/MyDrive/EDA_Project/size_data_f1/test/sst2/test.txt,0.7545871559633027,2025-10-19_00-39-41,/content/drive/MyDrive/EDA_Project/models_v1/sst2__size-3_standard__cnn__eda-rd_a0.4__2025-10-19_00-39-41.json,0.7545871559633027,,,,,,50.0
sst2,3_standard,eda,rd,0.4,cnn,50,100,8,256,0.1,25.76,/content/drive/MyDrive/EDA_Project/size_data_f1/3_standard/sst2/train_rd_0.4.txt,/content/drive/MyDrive/EDA_Project/size_data_f1/test/sst2/test.txt,0.7786697247706422,2025-10-19_02-06-35,/content/drive/MyDrive/EDA_Project/models_v1/sst2__size-3_standard__cnn__eda-rd_a0.4__2025-10-19_02-06-35.json,0.7786697247706422,,,,,,50.0
sst2,3_standard,eda,rd,0.5,cnn,50,100,9,256,0.1,26.74,/content/drive/MyDrive/EDA_Project/size_data_f1/3_standard/sst2/train_rd_0.5.txt,/content/drive/MyDrive/EDA_Project/size_data_f1/test/sst2/test.txt,0.7637614678899083,2025-10-19_00-40-11,/content/drive/MyDrive/EDA_Project/models_v1/sst2__size-3_standard__cnn__eda-rd_a0.5__2025-10-19_00-40-11.json,0.7637614678899083,,,,,,50.0
sst2,3_standard,eda,rd,0.5,cnn,50,100,7,256,0.1,23.76,/content/drive/MyDrive/EDA_Project/size_data_f1/3_standard/sst2/train_rd_0.5.txt,/content/drive/MyDrive/EDA_Project/size_data_f1/test/sst2/test.txt,0.7706422018348624,2025-10-19_02-07-02,/content/drive/MyDrive/EDA_Project/models_v1/sst2__size-3_standard__cnn__eda-rd_a0.5__2025-10-19_02-07-02.json,0.7706422018348624,,,,,,50.0
sst2,3_standard,eda,ri,0.1,cnn,50,100,10,256,0.1,28.76,/content/drive/MyDrive/EDA_Project/size_data_f1/3_standard/sst2/train_ri_0.1.txt,/content/drive/MyDrive/EDA_Project/size_data_f1/test/sst2/test.txt,0.7614678899082569,2025-10-19_00-35-43,/content/drive/MyDrive/EDA_Project/models_v1/sst2__size-3_standard__cnn__eda-ri_a0.1__2025-10-19_00-35-43.json,0.7614678899082569,,,,,,50.0
sst2,3_standard,eda,ri,0.1,cnn,50,100,9,256,0.1,27.66,/content/drive/MyDrive/EDA_Project/size_data_f1/3_standard/sst2/train_ri_0.1.txt,/content/drive/MyDrive/EDA_Project/size_data_f1/test/sst2/test.txt,0.7729357798165137,2025-10-19_02-02-42,/content/drive/MyDrive/EDA_Project/models_v1/sst2__size-3_standard__cnn__eda-ri_a0.1__2025-10-19_02-02-42.json,0.7729357798165137,,,,,,50.0
sst2,3_standard,eda,ri,0.2,cnn,50,100,8,256,0.1,25.03,/content/drive/MyDrive/EDA_Project/size_data_f1/3_standard/sst2/train_ri_0.2.txt,/content/drive/MyDrive/EDA_Project/size_data_f1/test/sst2/test.txt,0.7855504587155964,2025-10-19_00-36-12,/content/drive/MyDrive/EDA_Project/models_v1/sst2__size-3_standard__cnn__eda-ri_a0.2__2025-10-19_00-36-12.json,0.7855504587155964,,,,,,50.0
sst2,3_standard,eda,ri,0.2,cnn,50,100,7,256,0.1,23.89,/content/drive/MyDrive/EDA_Project/size_data_f1/3_standard/sst2/train_ri_0.2.txt,/content/drive/MyDrive/EDA_Project/size_data_f1/test/sst2/test.txt,0.783256880733945,2025-10-19_02-03-09,/content/drive/MyDrive/EDA_Project/models_v1/sst2__size-3_standard__cnn__eda-ri_a0.2__2025-10-19_02-03-09.json,0.783256880733945,,,,,,50.0
sst2,3_standard,eda,ri,0.3,cnn,50,100,7,256,0.1,23.24,/content/drive/MyDrive/EDA_Project/size_data_f1/3_standard/sst2/train_ri_0.3.txt,/content/drive/MyDrive/EDA_Project/size_data_f1/test/sst2/test.txt,0.7786697247706422,2025-10-19_00-36-40,/content/drive/MyDrive/EDA_Project/models_v1/sst2__size-3_standard__cnn__eda-ri_a0.3__2025-10-19_00-36-40.json,0.7786697247706422,,,,,,50.0
sst2,3_standard,eda,ri,0.3,cnn,50,100,8,256,0.1,25.7,/content/drive/MyDrive/EDA_Project/size_data_f1/3_standard/sst2/train_ri_0.3.txt,/content/drive/MyDrive/EDA_Project/size_data_f1/test/sst2/test.txt,0.7970183486238532,2025-10-19_02-03-38,/content/drive/MyDrive/EDA_Project/models_v1/sst2__size-3_standard__cnn__eda-ri_a0.3__2025-10-19_02-03-38.json,0.7970183486238532,,,,,,50.0
sst2,3_standard,eda,ri,0.4,cnn,50,100,9,256,0.1,26.89,/content/drive/MyDrive/EDA_Project/size_data_f1/3_standard/sst2/train_ri_0.4.txt,/content/drive/MyDrive/EDA_Project/size_data_f1/test/sst2/test.txt,0.7970183486238532,2025-10-19_00-37-11,/content/drive/MyDrive/EDA_Project/models_v1/sst2__size-3_standard__cnn__eda-ri_a0.4__2025-10-19_00-37-11.json,0.7970183486238532,,,,,,50.0
sst2,3_standard,eda,ri,0.4,cnn,50,100,7,256,0.1,23.73,/content/drive/MyDrive/EDA_Project/size_data_f1/3_standard/sst2/train_ri_0.4.txt,/content/drive/MyDrive/EDA_Project/size_data_f1/test/sst2/test.txt,0.8038990825688074,2025-10-19_02-04-06,/content/drive/MyDrive/EDA_Project/models_v1/sst2__size-3_standard__cnn__eda-ri_a0.4__2025-10-19_02-04-06.json,0.8038990825688074,,,,,,50.0
sst2,3_standard,eda,ri,0.5,cnn,50,100,8,256,0.1,24.99,/content/drive/MyDrive/EDA_Project/size_data_f1/3_standard/sst2/train_ri_0.5.txt,/content/drive/MyDrive/EDA_Project/size_data_f1/test/sst2/test.txt,0.8004587155963303,2025-10-19_00-37-41,/content/drive/MyDrive/EDA_Project/models_v1/sst2__size-3_standard__cnn__eda-ri_a0.5__2025-10-19_00-37-41.json,0.8004587155963303,,,,,,50.0
sst2,3_standard,eda,ri,0.5,cnn,50,100,6,256,0.1,21.89,/content/drive/MyDrive/EDA_Project/size_data_f1/3_standard/sst2/train_ri_0.5.txt,/content/drive/MyDrive/EDA_Project/size_data_f1/test/sst2/test.txt,0.8073394495412844,2025-10-19_02-04-31,/content/drive/MyDrive/EDA_Project/models_v1/sst2__size-3_standard__cnn__eda-ri_a0.5__2025-10-19_02-04-31.json,0.8073394495412844,,,,,,50.0
sst2,3_standard,eda,rs,0.1,cnn,50,100,9,256,0.1,26.6,/content/drive/MyDrive/EDA_Project/size_data_f1/3_standard/sst2/train_rs_0.1.txt,/content/drive/MyDrive/EDA_Project/size_data_f1/test/sst2/test.txt,0.7717889908256881,2025-10-19_00-40-41,/content/drive/MyDrive/EDA_Project/models_v1/sst2__size-3_standard__cnn__eda-rs_a0.1__2025-10-19_00-40-41.json,0.7717889908256881,,,,,,50.0
sst2,3_standard,eda,rs,0.1,cnn,50,100,8,256,0.1,25.53,/content/drive/MyDrive/EDA_Project/size_data_f1/3_standard/sst2/train_rs_0.1.txt,/content/drive/MyDrive/EDA_Project/size_data_f1/test/sst2/test.txt,0.7901376146788991,2025-10-19_02-07-31,/content/drive/MyDrive/EDA_Project/models_v1/sst2__size-3_standard__cnn__eda-rs_a0.1__2025-10-19_02-07-31.json,0.7901376146788991,,,,,,50.0
sst2,3_standard,eda,rs,0.2,cnn,50,100,8,256,0.1,26.01,/content/drive/MyDrive/EDA_Project/size_data_f1/3_standard/sst2/train_rs_0.2.txt,/content/drive/MyDrive/EDA_Project/size_data_f1/test/sst2/test.txt,0.786697247706422,2025-10-19_00-41-11,/content/drive/MyDrive/EDA_Project/models_v1/sst2__size-3_standard__cnn__eda-rs_a0.2__2025-10-19_00-41-11.json,0.786697247706422,,,,,,50.0
sst2,3_standard,eda,rs,0.2,cnn,50,100,11,256,0.1,31.02,/content/drive/MyDrive/EDA_Project/size_data_f1/3_standard/sst2/train_rs_0.2.txt,/content/drive/MyDrive/EDA_Project/size_data_f1/test/sst2/test.txt,0.7649082568807339,2025-10-19_02-08-05,/content/drive/MyDrive/EDA_Project/models_v1/sst2__size-3_standard__cnn__eda-rs_a0.2__2025-10-19_02-08-05.json,0.7649082568807339,,,,,,50.0
sst2,3_standard,eda,rs,0.3,cnn,50,100,8,256,0.1,25.23,/content/drive/MyDrive/EDA_Project/size_data_f1/3_standard/sst2/train_rs_0.3.txt,/content/drive/MyDrive/EDA_Project/size_data_f1/test/sst2/test.txt,0.7993119266055045,2025-10-19_00-41-40,/content/drive/MyDrive/EDA_Project/models_v1/sst2__size-3_standard__cnn__eda-rs_a0.3__2025-10-19_00-41-40.json,0.7993119266055045,,,,,,50.0
sst2,3_standard,eda,rs,0.3,cnn,50,100,7,256,0.1,23.63,/content/drive/MyDrive/EDA_Project/size_data_f1/3_standard/sst2/train_rs_0.3.txt,/content/drive/MyDrive/EDA_Project/size_data_f1/test/sst2/test.txt,0.7889908256880734,2025-10-19_02-08-32,/content/drive/MyDrive/EDA_Project/models_v1/sst2__size-3_standard__cnn__eda-rs_a0.3__2025-10-19_02-08-32.json,0.7889908256880734,,,,,,50.0
sst2,3_standard,eda,rs,0.4,cnn,50,100,7,256,0.1,23.34,/content/drive/MyDrive/EDA_Project/size_data_f1/3_standard/sst2/train_rs_0.4.txt,/content/drive/MyDrive/EDA_Project/size_data_f1/test/sst2/test.txt,0.7672018348623854,2025-10-19_00-42-08,/content/drive/MyDrive/EDA_Project/models_v1/sst2__size-3_standard__cnn__eda-rs_a0.4__2025-10-19_00-42-08.json,0.7672018348623854,,,,,,50.0
sst2,3_standard,eda,rs,0.4,cnn,50,100,6,256,0.1,21.83,/content/drive/MyDrive/EDA_Project/size_data_f1/3_standard/sst2/train_rs_0.4.txt,/content/drive/MyDrive/EDA_Project/size_data_f1/test/sst2/test.txt,0.7855504587155964,2025-10-19_02-08-57,/content/drive/MyDrive/EDA_Project/models_v1/sst2__size-3_standard__cnn__eda-rs_a0.4__2025-10-19_02-08-57.json,0.7855504587155964,,,,,,50.0
sst2,3_standard,eda,rs,0.5,cnn,50,100,8,256,0.1,25.13,/content/drive/MyDrive/EDA_Project/size_data_f1/3_standard/sst2/train_rs_0.5.txt,/content/drive/MyDrive/EDA_Project/size_data_f1/test/sst2/test.txt,0.7901376146788991,2025-10-19_00-42-37,/content/drive/MyDrive/EDA_Project/models_v1/sst2__size-3_standard__cnn__eda-rs_a0.5__2025-10-19_00-42-37.json,0.7901376146788991,,,,,,50.0
sst2,3_standard,eda,rs,0.5,cnn,50,100,6,256,0.1,21.83,/content/drive/MyDrive/EDA_Project/size_data_f1/3_standard/sst2/train_rs_0.5.txt,/content/drive/MyDrive/EDA_Project/size_data_f1/test/sst2/test.txt,0.805045871559633,2025-10-19_02-09-22,/content/drive/MyDrive/EDA_Project/models_v1/sst2__size-3_standard__cnn__eda-rs_a0.5__2025-10-19_02-09-22.json,0.805045871559633,,,,,,50.0
sst2,3_standard,eda,sr,0.1,cnn,50,100,7,256,0.1,27.61,/content/drive/MyDrive/EDA_Project/size_data_f1/3_standard/sst2/train_sr_0.1.txt,/content/drive/MyDrive/EDA_Project/size_data_f1/test/sst2/test.txt,0.75,2025-10-19_00-33-19,/content/drive/MyDrive/EDA_Project/models_v1/sst2__size-3_standard__cnn__eda-sr_a0.1__2025-10-19_00-33-19.json,0.75,,,,,,50.0
sst2,3_standard,eda,sr,0.1,cnn,50,100,9,256,0.1,27.82,/content/drive/MyDrive/EDA_Project/size_data_f1/3_standard/sst2/train_sr_0.1.txt,/content/drive/MyDrive/EDA_Project/size_data_f1/test/sst2/test.txt,0.7350917431192661,2025-10-19_02-00-23,/content/drive/MyDrive/EDA_Project/models_v1/sst2__size-3_standard__cnn__eda-sr_a0.1__2025-10-19_02-00-23.json,0.7350917431192661,,,,,,50.0
sst2,3_standard,eda,sr,0.2,cnn,50,100,6,256,0.1,22.33,/content/drive/MyDrive/EDA_Project/size_data_f1/3_standard/sst2/train_sr_0.2.txt,/content/drive/MyDrive/EDA_Project/size_data_f1/test/sst2/test.txt,0.7580275229357798,2025-10-19_00-33-46,/content/drive/MyDrive/EDA_Project/models_v1/sst2__size-3_standard__cnn__eda-sr_a0.2__2025-10-19_00-33-46.json,0.7580275229357798,,,,,,50.0
sst2,3_standard,eda,sr,0.2,cnn,50,100,7,256,0.1,23.96,/content/drive/MyDrive/EDA_Project/size_data_f1/3_standard/sst2/train_sr_0.2.txt,/content/drive/MyDrive/EDA_Project/size_data_f1/test/sst2/test.txt,0.7522935779816514,2025-10-19_02-00-50,/content/drive/MyDrive/EDA_Project/models_v1/sst2__size-3_standard__cnn__eda-sr_a0.2__2025-10-19_02-00-50.json,0.7522935779816514,,,,,,50.0
sst2,3_standard,eda,sr,0.3,cnn,50,100,7,256,0.1,23.39,/content/drive/MyDrive/EDA_Project/size_data_f1/3_standard/sst2/train_sr_0.3.txt,/content/drive/MyDrive/EDA_Project/size_data_f1/test/sst2/test.txt,0.7752293577981652,2025-10-19_00-34-14,/content/drive/MyDrive/EDA_Project/models_v1/sst2__size-3_standard__cnn__eda-sr_a0.3__2025-10-19_00-34-14.json,0.7752293577981652,,,,,,50.0
sst2,3_standard,eda,sr,0.3,cnn,50,100,7,256,0.1,24.17,/content/drive/MyDrive/EDA_Project/size_data_f1/3_standard/sst2/train_sr_0.3.txt,/content/drive/MyDrive/EDA_Project/size_data_f1/test/sst2/test.txt,0.7465596330275229,2025-10-19_02-01-18,/content/drive/MyDrive/EDA_Project/models_v1/sst2__size-3_standard__cnn__eda-sr_a0.3__2025-10-19_02-01-18.json,0.7465596330275229,,,,,,50.0
sst2,3_standard,eda,sr,0.4,cnn,50,100,8,256,0.1,25.11,/content/drive/MyDrive/EDA_Project/size_data_f1/3_standard/sst2/train_sr_0.4.txt,/content/drive/MyDrive/EDA_Project/size_data_f1/test/sst2/test.txt,0.7649082568807339,2025-10-19_00-34-43,/content/drive/MyDrive/EDA_Project/models_v1/sst2__size-3_standard__cnn__eda-sr_a0.4__2025-10-19_00-34-43.json,0.7649082568807339,,,,,,50.0
sst2,3_standard,eda,sr,0.4,cnn,50,100,6,256,0.1,22.03,/content/drive/MyDrive/EDA_Project/size_data_f1/3_standard/sst2/train_sr_0.4.txt,/content/drive/MyDrive/EDA_Project/size_data_f1/test/sst2/test.txt,0.768348623853211,2025-10-19_02-01-43,/content/drive/MyDrive/EDA_Project/models_v1/sst2__size-3_standard__cnn__eda-sr_a0.4__2025-10-19_02-01-43.json,0.768348623853211,,,,,,50.0
sst2,3_standard,eda,sr,0.5,cnn,50,100,7,256,0.1,23.28,/content/drive/MyDrive/EDA_Project/size_data_f1/3_standard/sst2/train_sr_0.5.txt,/content/drive/MyDrive/EDA_Project/size_data_f1/test/sst2/test.txt,0.7557339449541285,2025-10-19_00-35-10,/content/drive/MyDrive/EDA_Project/models_v1/sst2__size-3_standard__cnn__eda-sr_a0.5__2025-10-19_00-35-10.json,0.7557339449541285,,,,,,50.0
sst2,3_standard,eda,sr,0.5,cnn,50,100,7,256,0.1,24.0,/content/drive/MyDrive/EDA_Project/size_data_f1/3_standard/sst2/train_sr_0.5.txt,/content/drive/MyDrive/EDA_Project/size_data_f1/test/sst2/test.txt,0.7293577981651376,2025-10-19_02-02-11,/content/drive/MyDrive/EDA_Project/models_v1/sst2__size-3_standard__cnn__eda-sr_a0.5__2025-10-19_02-02-11.json,0.7293577981651376,,,,,,50.0
sst2,4_full,baseline,,,cnn,50,100,7,256,0.1,19.99,/content/drive/MyDrive/EDA_Project/size_data_f1/4_full/sst2/train_orig.txt,/content/drive/MyDrive/EDA_Project/size_data_f1/test/sst2/test.txt,0.8004587155963303,2025-10-19_00-43-02,/content/drive/MyDrive/EDA_Project/models_v1/sst2__size-4_full__cnn__baseline__2025-10-19_00-43-02.json,0.8004587155963303,,,,,,100.0
sst2,4_full,baseline,,,cnn,50,100,8,256,0.1,17.93,/content/drive/MyDrive/EDA_Project/size_data_f1/4_full/sst2/train_orig.txt,/content/drive/MyDrive/EDA_Project/size_data_f1/test/sst2/test.txt,0.7889908256880734,2025-10-19_02-09-42,/content/drive/MyDrive/EDA_Project/models_v1/sst2__size-4_full__cnn__baseline__2025-10-19_02-09-42.json,0.7889908256880734,,,,,,100.0
sst2,4_full,eda,rd,0.1,cnn,50,100,7,256,0.1,37.18,/content/drive/MyDrive/EDA_Project/size_data_f1/4_full/sst2/train_rd_0.1.txt,/content/drive/MyDrive/EDA_Project/size_data_f1/test/sst2/test.txt,0.783256880733945,2025-10-19_00-51-30,/content/drive/MyDrive/EDA_Project/models_v1/sst2__size-4_full__cnn__eda-rd_a0.1__2025-10-19_00-51-30.json,0.783256880733945,,,,,,100.0
sst2,4_full,eda,rd,0.1,cnn,50,100,9,256,0.1,44.82,/content/drive/MyDrive/EDA_Project/size_data_f1/4_full/sst2/train_rd_0.1.txt,/content/drive/MyDrive/EDA_Project/size_data_f1/test/sst2/test.txt,0.7580275229357798,2025-10-19_02-18-15,/content/drive/MyDrive/EDA_Project/models_v1/sst2__size-4_full__cnn__eda-rd_a0.1__2025-10-19_02-18-15.json,0.7580275229357798,,,,,,100.0
sst2,4_full,eda,rd,0.2,cnn,50,100,11,256,0.1,51.29,/content/drive/MyDrive/EDA_Project/size_data_f1/4_full/sst2/train_rd_0.2.txt,/content/drive/MyDrive/EDA_Project/size_data_f1/test/sst2/test.txt,0.7557339449541285,2025-10-19_00-52-26,/content/drive/MyDrive/EDA_Project/models_v1/sst2__size-4_full__cnn__eda-rd_a0.2__2025-10-19_00-52-26.json,0.7557339449541285,,,,,,100.0
sst2,4_full,eda,rd,0.2,cnn,50,100,8,256,0.1,41.4,/content/drive/MyDrive/EDA_Project/size_data_f1/4_full/sst2/train_rd_0.2.txt,/content/drive/MyDrive/EDA_Project/size_data_f1/test/sst2/test.txt,0.768348623853211,2025-10-19_02-19-01,/content/drive/MyDrive/EDA_Project/models_v1/sst2__size-4_full__cnn__eda-rd_a0.2__2025-10-19_02-19-01.json,0.768348623853211,,,,,,100.0
sst2,4_full,eda,rd,0.3,cnn,50,100,8,256,0.1,40.59,/content/drive/MyDrive/EDA_Project/size_data_f1/4_full/sst2/train_rd_0.3.txt,/content/drive/MyDrive/EDA_Project/size_data_f1/test/sst2/test.txt,0.7637614678899083,2025-10-19_00-53-12,/content/drive/MyDrive/EDA_Project/models_v1/sst2__size-4_full__cnn__eda-rd_a0.3__2025-10-19_00-53-12.json,0.7637614678899083,,,,,,100.0
sst2,4_full,eda,rd,0.3,cnn,50,100,10,256,0.1,48.49,/content/drive/MyDrive/EDA_Project/size_data_f1/4_full/sst2/train_rd_0.3.txt,/content/drive/MyDrive/EDA_Project/size_data_f1/test/sst2/test.txt,0.7763761467889908,2025-10-19_02-19-54,/content/drive/MyDrive/EDA_Project/models_v1/sst2__size-4_full__cnn__eda-rd_a0.3__2025-10-19_02-19-53.json,0.7763761467889908,,,,,,100.0
sst2,4_full,eda,rd,0.4,cnn,50,100,8,256,0.1,42.32,/content/drive/MyDrive/EDA_Project/size_data_f1/4_full/sst2/train_rd_0.4.txt,/content/drive/MyDrive/EDA_Project/size_data_f1/test/sst2/test.txt,0.7603211009174312,2025-10-19_00-53-59,/content/drive/MyDrive/EDA_Project/models_v1/sst2__size-4_full__cnn__eda-rd_a0.4__2025-10-19_00-53-59.json,0.7603211009174312,,,,,,100.0
sst2,4_full,eda,rd,0.4,cnn,50,100,8,256,0.1,41.21,/content/drive/MyDrive/EDA_Project/size_data_f1/4_full/sst2/train_rd_0.4.txt,/content/drive/MyDrive/EDA_Project/size_data_f1/test/sst2/test.txt,0.7878440366972477,2025-10-19_02-20-39,/content/drive/MyDrive/EDA_Project/models_v1/sst2__size-4_full__cnn__eda-rd_a0.4__2025-10-19_02-20-39.json,0.7878440366972477,,,,,,100.0
sst2,4_full,eda,rd,0.5,cnn,50,100,9,256,0.1,44.94,/content/drive/MyDrive/EDA_Project/size_data_f1/4_full/sst2/train_rd_0.5.txt,/content/drive/MyDrive/EDA_Project/size_data_f1/test/sst2/test.txt,0.7637614678899083,2025-10-19_00-54-49,/content/drive/MyDrive/EDA_Project/models_v1/sst2__size-4_full__cnn__eda-rd_a0.5__2025-10-19_00-54-49.json,0.7637614678899083,,,,,,100.0
sst2,4_full,eda,rd,0.5,cnn,50,100,9,256,0.1,44.9,/content/drive/MyDrive/EDA_Project/size_data_f1/4_full/sst2/train_rd_0.5.txt,/content/drive/MyDrive/EDA_Project/size_data_f1/test/sst2/test.txt,0.7844036697247706,2025-10-19_02-21-28,/content/drive/MyDrive/EDA_Project/models_v1/sst2__size-4_full__cnn__eda-rd_a0.5__2025-10-19_02-21-28.json,0.7844036697247706,,,,,,100.0
sst2,4_full,eda,ri,0.1,cnn,50,100,6,256,0.1,33.43,/content/drive/MyDrive/EDA_Project/size_data_f1/4_full/sst2/train_ri_0.1.txt,/content/drive/MyDrive/EDA_Project/size_data_f1/test/sst2/test.txt,0.7924311926605505,2025-10-19_00-47-39,/content/drive/MyDrive/EDA_Project/models_v1/sst2__size-4_full__cnn__eda-ri_a0.1__2025-10-19_00-47-39.json,0.7924311926605505,,,,,,100.0
sst2,4_full,eda,ri,0.1,cnn,50,100,10,256,0.1,48.48,/content/drive/MyDrive/EDA_Project/size_data_f1/4_full/sst2/train_ri_0.1.txt,/content/drive/MyDrive/EDA_Project/size_data_f1/test/sst2/test.txt,0.7717889908256881,2025-10-19_02-14-28,/content/drive/MyDrive/EDA_Project/models_v1/sst2__size-4_full__cnn__eda-ri_a0.1__2025-10-19_02-14-28.json,0.7717889908256881,,,,,,100.0
sst2,4_full,eda,ri,0.2,cnn,50,100,6,256,0.1,33.07,/content/drive/MyDrive/EDA_Project/size_data_f1/4_full/sst2/train_ri_0.2.txt,/content/drive/MyDrive/EDA_Project/size_data_f1/test/sst2/test.txt,0.7844036697247706,2025-10-19_00-48-18,/content/drive/MyDrive/EDA_Project/models_v1/sst2__size-4_full__cnn__eda-ri_a0.2__2025-10-19_00-48-18.json,0.7844036697247706,,,,,,100.0
sst2,4_full,eda,ri,0.2,cnn,50,100,8,256,0.1,41.3,/content/drive/MyDrive/EDA_Project/size_data_f1/4_full/sst2/train_ri_0.2.txt,/content/drive/MyDrive/EDA_Project/size_data_f1/test/sst2/test.txt,0.7786697247706422,2025-10-19_02-15-14,/content/drive/MyDrive/EDA_Project/models_v1/sst2__size-4_full__cnn__eda-ri_a0.2__2025-10-19_02-15-14.json,0.7786697247706422,,,,,,100.0
sst2,4_full,eda,ri,0.3,cnn,50,100,8,256,0.1,40.61,/content/drive/MyDrive/EDA_Project/size_data_f1/4_full/sst2/train_ri_0.3.txt,/content/drive/MyDrive/EDA_Project/size_data_f1/test/sst2/test.txt,0.8096330275229358,2025-10-19_00-49-05,/content/drive/MyDrive/EDA_Project/models_v1/sst2__size-4_full__cnn__eda-ri_a0.3__2025-10-19_00-49-05.json,0.8096330275229358,,,,,,100.0
sst2,4_full,eda,ri,0.3,cnn,50,100,6,256,0.1,34.08,/content/drive/MyDrive/EDA_Project/size_data_f1/4_full/sst2/train_ri_0.3.txt,/content/drive/MyDrive/EDA_Project/size_data_f1/test/sst2/test.txt,0.7855504587155964,2025-10-19_02-15-54,/content/drive/MyDrive/EDA_Project/models_v1/sst2__size-4_full__cnn__eda-ri_a0.3__2025-10-19_02-15-54.json,0.7855504587155964,,,,,,100.0
sst2,4_full,eda,ri,0.4,cnn,50,100,9,256,0.1,44.02,/content/drive/MyDrive/EDA_Project/size_data_f1/4_full/sst2/train_ri_0.4.txt,/content/drive/MyDrive/EDA_Project/size_data_f1/test/sst2/test.txt,0.7947247706422018,2025-10-19_00-49-56,/content/drive/MyDrive/EDA_Project/models_v1/sst2__size-4_full__cnn__eda-ri_a0.4__2025-10-19_00-49-56.json,0.7947247706422018,,,,,,100.0
sst2,4_full,eda,ri,0.4,cnn,50,100,7,256,0.1,37.59,/content/drive/MyDrive/EDA_Project/size_data_f1/4_full/sst2/train_ri_0.4.txt,/content/drive/MyDrive/EDA_Project/size_data_f1/test/sst2/test.txt,0.7889908256880734,2025-10-19_02-16-38,/content/drive/MyDrive/EDA_Project/models_v1/sst2__size-4_full__cnn__eda-ri_a0.4__2025-10-19_02-16-38.json,0.7889908256880734,,,,,,100.0
sst2,4_full,eda,ri,0.5,cnn,50,100,9,256,0.1,43.86,/content/drive/MyDrive/EDA_Project/size_data_f1/4_full/sst2/train_ri_0.5.txt,/content/drive/MyDrive/EDA_Project/size_data_f1/test/sst2/test.txt,0.7993119266055045,2025-10-19_00-50-47,/content/drive/MyDrive/EDA_Project/models_v1/sst2__size-4_full__cnn__eda-ri_a0.5__2025-10-19_00-50-47.json,0.7993119266055045,,,,,,100.0
sst2,4_full,eda,ri,0.5,cnn,50,100,8,256,0.1,41.39,/content/drive/MyDrive/EDA_Project/size_data_f1/4_full/sst2/train_ri_0.5.txt,/content/drive/MyDrive/EDA_Project/size_data_f1/test/sst2/test.txt,0.7740825688073395,2025-10-19_02-17-25,/content/drive/MyDrive/EDA_Project/models_v1/sst2__size-4_full__cnn__eda-ri_a0.5__2025-10-19_02-17-25.json,0.7740825688073395,,,,,,100.0
sst2,4_full,eda,rs,0.1,cnn,50,100,8,256,0.1,40.96,/content/drive/MyDrive/EDA_Project/size_data_f1/4_full/sst2/train_rs_0.1.txt,/content/drive/MyDrive/EDA_Project/size_data_f1/test/sst2/test.txt,0.7729357798165137,2025-10-19_00-55-36,/content/drive/MyDrive/EDA_Project/models_v1/sst2__size-4_full__cnn__eda-rs_a0.1__2025-10-19_00-55-36.json,0.7729357798165137,,,,,,100.0
sst2,4_full,eda,rs,0.1,cnn,50,100,9,256,0.1,45.17,/content/drive/MyDrive/EDA_Project/size_data_f1/4_full/sst2/train_rs_0.1.txt,/content/drive/MyDrive/EDA_Project/size_data_f1/test/sst2/test.txt,0.7568807339449541,2025-10-19_02-22-18,/content/drive/MyDrive/EDA_Project/models_v1/sst2__size-4_full__cnn__eda-rs_a0.1__2025-10-19_02-22-18.json,0.7568807339449541,,,,,,100.0
sst2,4_full,eda,rs,0.2,cnn,50,100,10,256,0.1,47.84,/content/drive/MyDrive/EDA_Project/size_data_f1/4_full/sst2/train_rs_0.2.txt,/content/drive/MyDrive/EDA_Project/size_data_f1/test/sst2/test.txt,0.7993119266055045,2025-10-19_00-56-29,/content/drive/MyDrive/EDA_Project/models_v1/sst2__size-4_full__cnn__eda-rs_a0.2__2025-10-19_00-56-29.json,0.7993119266055045,,,,,,100.0
sst2,4_full,eda,rs,0.2,cnn,50,100,7,256,0.1,37.52,/content/drive/MyDrive/EDA_Project/size_data_f1/4_full/sst2/train_rs_0.2.txt,/content/drive/MyDrive/EDA_Project/size_data_f1/test/sst2/test.txt,0.8073394495412844,2025-10-19_02-23-00,/content/drive/MyDrive/EDA_Project/models_v1/sst2__size-4_full__cnn__eda-rs_a0.2__2025-10-19_02-23-00.json,0.8073394495412844,,,,,,100.0
sst2,4_full,eda,rs,0.3,cnn,50,100,8,256,0.1,40.64,/content/drive/MyDrive/EDA_Project/size_data_f1/4_full/sst2/train_rs_0.3.txt,/content/drive/MyDrive/EDA_Project/size_data_f1/test/sst2/test.txt,0.7809633027522935,2025-10-19_00-57-15,/content/drive/MyDrive/EDA_Project/models_v1/sst2__size-4_full__cnn__eda-rs_a0.3__2025-10-19_00-57-15.json,0.7809633027522935,,,,,,100.0
sst2,4_full,eda,rs,0.3,cnn,50,100,8,256,0.1,41.3,/content/drive/MyDrive/EDA_Project/size_data_f1/4_full/sst2/train_rs_0.3.txt,/content/drive/MyDrive/EDA_Project/size_data_f1/test/sst2/test.txt,0.8061926605504587,2025-10-19_02-23-47,/content/drive/MyDrive/EDA_Project/models_v1/sst2__size-4_full__cnn__eda-rs_a0.3__2025-10-19_02-23-47.json,0.8061926605504587,,,,,,100.0
sst2,4_full,eda,rs,0.4,cnn,50,100,8,256,0.1,40.41,/content/drive/MyDrive/EDA_Project/size_data_f1/4_full/sst2/train_rs_0.4.txt,/content/drive/MyDrive/EDA_Project/size_data_f1/test/sst2/test.txt,0.7786697247706422,2025-10-19_00-58-02,/content/drive/MyDrive/EDA_Project/models_v1/sst2__size-4_full__cnn__eda-rs_a0.4__2025-10-19_00-58-02.json,0.7786697247706422,,,,,,100.0
sst2,4_full,eda,rs,0.4,cnn,50,100,7,256,0.1,41.07,/content/drive/MyDrive/EDA_Project/size_data_f1/4_full/sst2/train_rs_0.4.txt,/content/drive/MyDrive/EDA_Project/size_data_f1/test/sst2/test.txt,0.7981651376146789,2025-10-19_02-24-33,/content/drive/MyDrive/EDA_Project/models_v1/sst2__size-4_full__cnn__eda-rs_a0.4__2025-10-19_02-24-33.json,0.7981651376146789,,,,,,100.0
sst2,4_full,eda,rs,0.5,cnn,50,100,6,256,0.1,33.34,/content/drive/MyDrive/EDA_Project/size_data_f1/4_full/sst2/train_rs_0.5.txt,/content/drive/MyDrive/EDA_Project/size_data_f1/test/sst2/test.txt,0.7889908256880734,2025-10-19_00-58-41,/content/drive/MyDrive/EDA_Project/models_v1/sst2__size-4_full__cnn__eda-rs_a0.5__2025-10-19_00-58-41.json,0.7889908256880734,,,,,,100.0
sst2,4_full,eda,rs,0.5,cnn,50,100,9,256,0.1,45.84,/content/drive/MyDrive/EDA_Project/size_data_f1/4_full/sst2/train_rs_0.5.txt,/content/drive/MyDrive/EDA_Project/size_data_f1/test/sst2/test.txt,0.7878440366972477,2025-10-19_02-25-24,/content/drive/MyDrive/EDA_Project/models_v1/sst2__size-4_full__cnn__eda-rs_a0.5__2025-10-19_02-25-24.json,0.7878440366972477,,,,,,100.0
sst2,4_full,eda,sr,0.1,cnn,50,100,10,256,0.1,51.03,/content/drive/MyDrive/EDA_Project/size_data_f1/4_full/sst2/train_sr_0.1.txt,/content/drive/MyDrive/EDA_Project/size_data_f1/test/sst2/test.txt,0.7649082568807339,2025-10-19_00-43-58,/content/drive/MyDrive/EDA_Project/models_v1/sst2__size-4_full__cnn__eda-sr_a0.1__2025-10-19_00-43-58.json,0.7649082568807339,,,,,,100.0
sst2,4_full,eda,sr,0.1,cnn,50,100,10,256,0.1,48.57,/content/drive/MyDrive/EDA_Project/size_data_f1/4_full/sst2/train_sr_0.1.txt,/content/drive/MyDrive/EDA_Project/size_data_f1/test/sst2/test.txt,0.7488532110091743,2025-10-19_02-10-36,/content/drive/MyDrive/EDA_Project/models_v1/sst2__size-4_full__cnn__eda-sr_a0.1__2025-10-19_02-10-36.json,0.7488532110091743,,,,,,100.0
sst2,4_full,eda,sr,0.2,cnn,50,100,9,256,0.1,43.8,/content/drive/MyDrive/EDA_Project/size_data_f1/4_full/sst2/train_sr_0.2.txt,/content/drive/MyDrive/EDA_Project/size_data_f1/test/sst2/test.txt,0.7557339449541285,2025-10-19_00-44-48,/content/drive/MyDrive/EDA_Project/models_v1/sst2__size-4_full__cnn__eda-sr_a0.2__2025-10-19_00-44-48.json,0.7557339449541285,,,,,,100.0
sst2,4_full,eda,sr,0.2,cnn,50,100,6,256,0.1,33.88,/content/drive/MyDrive/EDA_Project/size_data_f1/4_full/sst2/train_sr_0.2.txt,/content/drive/MyDrive/EDA_Project/size_data_f1/test/sst2/test.txt,0.7889908256880734,2025-10-19_02-11-15,/content/drive/MyDrive/EDA_Project/models_v1/sst2__size-4_full__cnn__eda-sr_a0.2__2025-10-19_02-11-15.json,0.7889908256880734,,,,,,100.0
sst2,4_full,eda,sr,0.3,cnn,50,100,9,256,0.1,43.87,/content/drive/MyDrive/EDA_Project/size_data_f1/4_full/sst2/train_sr_0.3.txt,/content/drive/MyDrive/EDA_Project/size_data_f1/test/sst2/test.txt,0.7442660550458715,2025-10-19_00-45-38,/content/drive/MyDrive/EDA_Project/models_v1/sst2__size-4_full__cnn__eda-sr_a0.3__2025-10-19_00-45-38.json,0.7442660550458715,,,,,,100.0
sst2,4_full,eda,sr,0.3,cnn,50,100,8,256,0.1,41.4,/content/drive/MyDrive/EDA_Project/size_data_f1/4_full/sst2/train_sr_0.3.txt,/content/drive/MyDrive/EDA_Project/size_data_f1/test/sst2/test.txt,0.7626146788990825,2025-10-19_02-12-01,/content/drive/MyDrive/EDA_Project/models_v1/sst2__size-4_full__cnn__eda-sr_a0.3__2025-10-19_02-12-01.json,0.7626146788990825,,,,,,100.0
sst2,4_full,eda,sr,0.4,cnn,50,100,5,256,0.1,29.81,/content/drive/MyDrive/EDA_Project/size_data_f1/4_full/sst2/train_sr_0.4.txt,/content/drive/MyDrive/EDA_Project/size_data_f1/test/sst2/test.txt,0.768348623853211,2025-10-19_00-46-14,/content/drive/MyDrive/EDA_Project/models_v1/sst2__size-4_full__cnn__eda-sr_a0.4__2025-10-19_00-46-14.json,0.768348623853211,,,,,,100.0
sst2,4_full,eda,sr,0.4,cnn,50,100,8,256,0.1,41.14,/content/drive/MyDrive/EDA_Project/size_data_f1/4_full/sst2/train_sr_0.4.txt,/content/drive/MyDrive/EDA_Project/size_data_f1/test/sst2/test.txt,0.7522935779816514,2025-10-19_02-12-47,/content/drive/MyDrive/EDA_Project/models_v1/sst2__size-4_full__cnn__eda-sr_a0.4__2025-10-19_02-12-47.json,0.7522935779816514,,,,,,100.0
sst2,4_full,eda,sr,0.5,cnn,50,100,8,256,0.1,40.15,/content/drive/MyDrive/EDA_Project/size_data_f1/4_full/sst2/train_sr_0.5.txt,/content/drive/MyDrive/EDA_Project/size_data_f1/test/sst2/test.txt,0.7614678899082569,2025-10-19_00-47-00,/content/drive/MyDrive/EDA_Project/models_v1/sst2__size-4_full__cnn__eda-sr_a0.5__2025-10-19_00-47-00.json,0.7614678899082569,,,,,,100.0
sst2,4_full,eda,sr,0.5,cnn,50,100,8,256,0.1,41.31,/content/drive/MyDrive/EDA_Project/size_data_f1/4_full/sst2/train_sr_0.5.txt,/content/drive/MyDrive/EDA_Project/size_data_f1/test/sst2/test.txt,0.7557339449541285,2025-10-19_02-13-34,/content/drive/MyDrive/EDA_Project/models_v1/sst2__size-4_full__cnn__eda-sr_a0.5__2025-10-19_02-13-34.json,0.7557339449541285,,,,,,100.0
sst2,1_tiny,baseline,,,lstm,50,100,12,256,0.1,9.95,/content/drive/MyDrive/EDA_Project/size_data_f1/1_tiny/sst2/train_orig.txt,/content/drive/MyDrive/EDA_Project/size_data_f1/test/sst2/test.txt,0.716743119266055,2025-10-19_01-02-10,/content/drive/MyDrive/EDA_Project/models_v1/sst2__size-1_tiny__lstm__baseline__2025-10-19_01-02-10.json,0.716743119266055,,,,,,5.0
sst2,1_tiny,baseline,,,lstm,50,100,10,256,0.1,9.59,/content/drive/MyDrive/EDA_Project/size_data_f1/1_tiny/sst2/train_orig.txt,/content/drive/MyDrive/EDA_Project/size_data_f1/test/sst2/test.txt,0.7385321100917431,2025-10-19_01-04-54,/content/drive/MyDrive/EDA_Project/models_v1/sst2__size-1_tiny__lstm__baseline__2025-10-19_01-04-54.json,0.7385321100917431,,,,,,5.0
sst2,1_tiny,eda,rd,0.1,lstm,50,100,11,256,0.1,11.26,/content/drive/MyDrive/EDA_Project/size_data_f1/1_tiny/sst2/train_rd_0.1.txt,/content/drive/MyDrive/EDA_Project/size_data_f1/test/sst2/test.txt,0.7408256880733946,2025-10-19_01-07-22,/content/drive/MyDrive/EDA_Project/models_v1/sst2__size-1_tiny__lstm__eda-rd_a0.1__2025-10-19_01-07-22.json,0.7408256880733946,,,,,,5.0
sst2,1_tiny,eda,rd,0.2,lstm,50,100,10,256,0.1,10.92,/content/drive/MyDrive/EDA_Project/size_data_f1/1_tiny/sst2/train_rd_0.2.txt,/content/drive/MyDrive/EDA_Project/size_data_f1/test/sst2/test.txt,0.7144495412844036,2025-10-19_01-07-35,/content/drive/MyDrive/EDA_Project/models_v1/sst2__size-1_tiny__lstm__eda-rd_a0.2__2025-10-19_01-07-35.json,0.7144495412844036,,,,,,5.0
sst2,1_tiny,eda,rd,0.3,lstm,50,100,12,256,0.1,11.48,/content/drive/MyDrive/EDA_Project/size_data_f1/1_tiny/sst2/train_rd_0.3.txt,/content/drive/MyDrive/EDA_Project/size_data_f1/test/sst2/test.txt,0.7431192660550459,2025-10-19_01-07-48,/content/drive/MyDrive/EDA_Project/models_v1/sst2__size-1_tiny__lstm__eda-rd_a0.3__2025-10-19_01-07-48.json,0.7431192660550459,,,,,,5.0
sst2,1_tiny,eda,rd,0.4,lstm,50,100,12,256,0.1,11.56,/content/drive/MyDrive/EDA_Project/size_data_f1/1_tiny/sst2/train_rd_0.4.txt,/content/drive/MyDrive/EDA_Project/size_data_f1/test/sst2/test.txt,0.6926605504587156,2025-10-19_01-08-01,/content/drive/MyDrive/EDA_Project/models_v1/sst2__size-1_tiny__lstm__eda-rd_a0.4__2025-10-19_01-08-01.json,0.6926605504587156,,,,,,5.0
sst2,1_tiny,eda,rd,0.5,lstm,50,100,6,256,0.1,9.42,/content/drive/MyDrive/EDA_Project/size_data_f1/1_tiny/sst2/train_rd_0.5.txt,/content/drive/MyDrive/EDA_Project/size_data_f1/test/sst2/test.txt,0.7144495412844036,2025-10-19_01-08-12,/content/drive/MyDrive/EDA_Project/models_v1/sst2__size-1_tiny__lstm__eda-rd_a0.5__2025-10-19_01-08-12.json,0.7144495412844036,,,,,,5.0
sst2,1_tiny,eda,ri,0.1,lstm,50,100,13,256,0.1,11.94,/content/drive/MyDrive/EDA_Project/size_data_f1/1_tiny/sst2/train_ri_0.1.txt,/content/drive/MyDrive/EDA_Project/size_data_f1/test/sst2/test.txt,0.7270642201834863,2025-10-19_01-02-51,/content/drive/MyDrive/EDA_Project/models_v1/sst2__size-1_tiny__lstm__eda-ri_a0.1__2025-10-19_01-02-51.json,0.7270642201834863,,,,,,5.0
sst2,1_tiny,eda,ri,0.1,lstm,50,100,16,256,0.1,12.91,/content/drive/MyDrive/EDA_Project/size_data_f1/1_tiny/sst2/train_ri_0.1.txt,/content/drive/MyDrive/EDA_Project/size_data_f1/test/sst2/test.txt,0.7305045871559633,2025-10-19_01-06-16,/content/drive/MyDrive/EDA_Project/models_v1/sst2__size-1_tiny__lstm__eda-ri_a0.1__2025-10-19_01-06-16.json,0.7305045871559633,,,,,,5.0
sst2,1_tiny,eda,ri,0.2,lstm,50,100,12,256,0.1,11.51,/content/drive/MyDrive/EDA_Project/size_data_f1/1_tiny/sst2/train_ri_0.2.txt,/content/drive/MyDrive/EDA_Project/size_data_f1/test/sst2/test.txt,0.7201834862385321,2025-10-19_01-06-29,/content/drive/MyDrive/EDA_Project/models_v1/sst2__size-1_tiny__lstm__eda-ri_a0.2__2025-10-19_01-06-29.json,0.7201834862385321,,,,,,5.0
sst2,1_tiny,eda,ri,0.3,lstm,50,100,14,256,0.1,12.25,/content/drive/MyDrive/EDA_Project/size_data_f1/1_tiny/sst2/train_ri_0.3.txt,/content/drive/MyDrive/EDA_Project/size_data_f1/test/sst2/test.txt,0.7511467889908257,2025-10-19_01-03-05,/content/drive/MyDrive/EDA_Project/models_v1/sst2__size-1_tiny__lstm__eda-ri_a0.3__2025-10-19_01-03-05.json,0.7511467889908257,,,,,,5.0
sst2,1_tiny,eda,ri,0.3,lstm,50,100,12,256,0.1,12.93,/content/drive/MyDrive/EDA_Project/size_data_f1/1_tiny/sst2/train_ri_0.3.txt,/content/drive/MyDrive/EDA_Project/size_data_f1/test/sst2/test.txt,0.7396788990825688,2025-10-19_01-06-44,/content/drive/MyDrive/EDA_Project/models_v1/sst2__size-1_tiny__lstm__eda-ri_a0.3__2025-10-19_01-06-44.json,0.7396788990825688,,,,,,5.0
sst2,1_tiny,eda,ri,0.4,lstm,50,100,10,256,0.1,10.97,/content/drive/MyDrive/EDA_Project/size_data_f1/1_tiny/sst2/train_ri_0.4.txt,/content/drive/MyDrive/EDA_Project/size_data_f1/test/sst2/test.txt,0.7488532110091743,2025-10-19_01-06-56,/content/drive/MyDrive/EDA_Project/models_v1/sst2__size-1_tiny__lstm__eda-ri_a0.4__2025-10-19_01-06-56.json,0.7488532110091743,,,,,,5.0
sst2,1_tiny,eda,ri,0.5,lstm,50,100,11,256,0.1,11.27,/content/drive/MyDrive/EDA_Project/size_data_f1/1_tiny/sst2/train_ri_0.5.txt,/content/drive/MyDrive/EDA_Project/size_data_f1/test/sst2/test.txt,0.7339449541284404,2025-10-19_01-07-09,/content/drive/MyDrive/EDA_Project/models_v1/sst2__size-1_tiny__lstm__eda-ri_a0.5__2025-10-19_01-07-09.json,0.7339449541284404,,,,,,5.0
sst2,1_tiny,eda,rs,0.1,lstm,50,100,12,256,0.1,11.43,/content/drive/MyDrive/EDA_Project/size_data_f1/1_tiny/sst2/train_rs_0.1.txt,/content/drive/MyDrive/EDA_Project/size_data_f1/test/sst2/test.txt,0.7396788990825688,2025-10-19_01-08-25,/content/drive/MyDrive/EDA_Project/models_v1/sst2__size-1_tiny__lstm__eda-rs_a0.1__2025-10-19_01-08-25.json,0.7396788990825688,,,,,,5.0
sst2,1_tiny,eda,rs,0.2,lstm,50,100,12,256,0.1,11.48,/content/drive/MyDrive/EDA_Project/size_data_f1/1_tiny/sst2/train_rs_0.2.txt,/content/drive/MyDrive/EDA_Project/size_data_f1/test/sst2/test.txt,0.7339449541284404,2025-10-19_01-08-38,/content/drive/MyDrive/EDA_Project/models_v1/sst2__size-1_tiny__lstm__eda-rs_a0.2__2025-10-19_01-08-38.json,0.7339449541284404,,,,,,5.0
sst2,1_tiny,eda,rs,0.3,lstm,50,100,11,256,0.1,11.15,/content/drive/MyDrive/EDA_Project/size_data_f1/1_tiny/sst2/train_rs_0.3.txt,/content/drive/MyDrive/EDA_Project/size_data_f1/test/sst2/test.txt,0.7373853211009175,2025-10-19_01-08-51,/content/drive/MyDrive/EDA_Project/models_v1/sst2__size-1_tiny__lstm__eda-rs_a0.3__2025-10-19_01-08-51.json,0.7373853211009175,,,,,,5.0
sst2,1_tiny,eda,rs,0.4,lstm,50,100,9,256,0.1,10.47,/content/drive/MyDrive/EDA_Project/size_data_f1/1_tiny/sst2/train_rs_0.4.txt,/content/drive/MyDrive/EDA_Project/size_data_f1/test/sst2/test.txt,0.75,2025-10-19_01-09-03,/content/drive/MyDrive/EDA_Project/models_v1/sst2__size-1_tiny__lstm__eda-rs_a0.4__2025-10-19_01-09-03.json,0.75,,,,,,5.0
sst2,1_tiny,eda,rs,0.5,lstm,50,100,11,256,0.1,11.18,/content/drive/MyDrive/EDA_Project/size_data_f1/1_tiny/sst2/train_rs_0.5.txt,/content/drive/MyDrive/EDA_Project/size_data_f1/test/sst2/test.txt,0.7396788990825688,2025-10-19_01-09-16,/content/drive/MyDrive/EDA_Project/models_v1/sst2__size-1_tiny__lstm__eda-rs_a0.5__2025-10-19_01-09-16.json,0.7396788990825688,,,,,,5.0
sst2,1_tiny,eda,sr,0.1,lstm,50,100,15,256,0.1,12.64,/content/drive/MyDrive/EDA_Project/size_data_f1/1_tiny/sst2/train_sr_0.1.txt,/content/drive/MyDrive/EDA_Project/size_data_f1/test/sst2/test.txt,0.7041284403669725,2025-10-19_01-02-24,/content/drive/MyDrive/EDA_Project/models_v1/sst2__size-1_tiny__lstm__eda-sr_a0.1__2025-10-19_01-02-24.json,0.7041284403669725,,,,,,5.0
sst2,1_tiny,eda,sr,0.1,lstm,50,100,14,256,0.1,12.39,/content/drive/MyDrive/EDA_Project/size_data_f1/1_tiny/sst2/train_sr_0.1.txt,/content/drive/MyDrive/EDA_Project/size_data_f1/test/sst2/test.txt,0.7144495412844036,2025-10-19_01-05-08,/content/drive/MyDrive/EDA_Project/models_v1/sst2__size-1_tiny__lstm__eda-sr_a0.1__2025-10-19_01-05-08.json,0.7144495412844036,,,,,,5.0
sst2,1_tiny,eda,sr,0.2,lstm,50,100,13,256,0.1,11.91,/content/drive/MyDrive/EDA_Project/size_data_f1/1_tiny/sst2/train_sr_0.2.txt,/content/drive/MyDrive/EDA_Project/size_data_f1/test/sst2/test.txt,0.7213302752293578,2025-10-19_01-05-21,/content/drive/MyDrive/EDA_Project/models_v1/sst2__size-1_tiny__lstm__eda-sr_a0.2__2025-10-19_01-05-21.json,0.7213302752293578,,,,,,5.0
sst2,1_tiny,eda,sr,0.3,lstm,50,100,12,256,0.1,11.56,/content/drive/MyDrive/EDA_Project/size_data_f1/1_tiny/sst2/train_sr_0.3.txt,/content/drive/MyDrive/EDA_Project/size_data_f1/test/sst2/test.txt,0.7282110091743119,2025-10-19_01-02-37,/content/drive/MyDrive/EDA_Project/models_v1/sst2__size-1_tiny__lstm__eda-sr_a0.3__2025-10-19_01-02-37.json,0.7282110091743119,,,,,,5.0
sst2,1_tiny,eda,sr,0.3,lstm,50,100,13,256,0.1,11.89,/content/drive/MyDrive/EDA_Project/size_data_f1/1_tiny/sst2/train_sr_0.3.txt,/content/drive/MyDrive/EDA_Project/size_data_f1/test/sst2/test.txt,0.7121559633027523,2025-10-19_01-05-35,/content/drive/MyDrive/EDA_Project/models_v1/sst2__size-1_tiny__lstm__eda-sr_a0.3__2025-10-19_01-05-35.json,0.7121559633027523,,,,,,5.0
sst2,1_tiny,eda,sr,0.4,lstm,50,100,13,256,0.1,11.79,/content/drive/MyDrive/EDA_Project/size_data_f1/1_tiny/sst2/train_sr_0.4.txt,/content/drive/MyDrive/EDA_Project/size_data_f1/test/sst2/test.txt,0.7224770642201835,2025-10-19_01-05-48,/content/drive/MyDrive/EDA_Project/models_v1/sst2__size-1_tiny__lstm__eda-sr_a0.4__2025-10-19_01-05-48.json,0.7224770642201835,,,,,,5.0
sst2,1_tiny,eda,sr,0.5,lstm,50,100,11,256,0.1,11.1,/content/drive/MyDrive/EDA_Project/size_data_f1/1_tiny/sst2/train_sr_0.5.txt,/content/drive/MyDrive/EDA_Project/size_data_f1/test/sst2/test.txt,0.7110091743119266,2025-10-19_01-06-01,/content/drive/MyDrive/EDA_Project/models_v1/sst2__size-1_tiny__lstm__eda-sr_a0.5__2025-10-19_01-06-01.json,0.7110091743119266,,,,,,5.0
sst2,2_small,baseline,,,lstm,50,100,9,256,0.1,10.17,/content/drive/MyDrive/EDA_Project/size_data_f1/2_small/sst2/train_orig.txt,/content/drive/MyDrive/EDA_Project/size_data_f1/test/sst2/test.txt,0.7534403669724771,2025-10-19_01-09-28,/content/drive/MyDrive/EDA_Project/models_v1/sst2__size-2_small__lstm__baseline__2025-10-19_01-09-28.json,0.7534403669724771,,,,,,20.0
sst2,2_small,eda,rd,0.1,lstm,50,100,10,256,0.1,20.3,/content/drive/MyDrive/EDA_Project/size_data_f1/2_small/sst2/train_rd_0.1.txt,/content/drive/MyDrive/EDA_Project/size_data_f1/test/sst2/test.txt,0.7465596330275229,2025-10-19_01-13-21,/content/drive/MyDrive/EDA_Project/models_v1/sst2__size-2_small__lstm__eda-rd_a0.1__2025-10-19_01-13-21.json,0.7465596330275229,,,,,,20.0
sst2,2_small,eda,rd,0.2,lstm,50,100,9,256,0.1,19.18,/content/drive/MyDrive/EDA_Project/size_data_f1/2_small/sst2/train_rd_0.2.txt,/content/drive/MyDrive/EDA_Project/size_data_f1/test/sst2/test.txt,0.7454128440366973,2025-10-19_01-13-43,/content/drive/MyDrive/EDA_Project/models_v1/sst2__size-2_small__lstm__eda-rd_a0.2__2025-10-19_01-13-43.json,0.7454128440366973,,,,,,20.0
sst2,2_small,eda,rd,0.3,lstm,50,100,7,256,0.1,16.92,/content/drive/MyDrive/EDA_Project/size_data_f1/2_small/sst2/train_rd_0.3.txt,/content/drive/MyDrive/EDA_Project/size_data_f1/test/sst2/test.txt,0.7614678899082569,2025-10-19_01-14-02,/content/drive/MyDrive/EDA_Project/models_v1/sst2__size-2_small__lstm__eda-rd_a0.3__2025-10-19_01-14-02.json,0.7614678899082569,,,,,,20.0
sst2,2_small,eda,rd,0.4,lstm,50,100,7,256,0.1,16.83,/content/drive/MyDrive/EDA_Project/size_data_f1/2_small/sst2/train_rd_0.4.txt,/content/drive/MyDrive/EDA_Project/size_data_f1/test/sst2/test.txt,0.7488532110091743,2025-10-19_01-14-21,/content/drive/MyDrive/EDA_Project/models_v1/sst2__size-2_small__lstm__eda-rd_a0.4__2025-10-19_01-14-21.json,0.7488532110091743,,,,,,20.0
sst2,2_small,eda,rd,0.5,lstm,50,100,6,256,0.1,15.83,/content/drive/MyDrive/EDA_Project/size_data_f1/2_small/sst2/train_rd_0.5.txt,/content/drive/MyDrive/EDA_Project/size_data_f1/test/sst2/test.txt,0.7431192660550459,2025-10-19_01-14-39,/content/drive/MyDrive/EDA_Project/models_v1/sst2__size-2_small__lstm__eda-rd_a0.5__2025-10-19_01-14-39.json,0.7431192660550459,,,,,,20.0
sst2,2_small,eda,ri,0.1,lstm,50,100,7,256,0.1,16.72,/content/drive/MyDrive/EDA_Project/size_data_f1/2_small/sst2/train_ri_0.1.txt,/content/drive/MyDrive/EDA_Project/size_data_f1/test/sst2/test.txt,0.7408256880733946,2025-10-19_01-11-34,/content/drive/MyDrive/EDA_Project/models_v1/sst2__size-2_small__lstm__eda-ri_a0.1__2025-10-19_01-11-34.json,0.7408256880733946,,,,,,20.0
sst2,2_small,eda,ri,0.2,lstm,50,100,10,256,0.1,20.0,/content/drive/MyDrive/EDA_Project/size_data_f1/2_small/sst2/train_ri_0.2.txt,/content/drive/MyDrive/EDA_Project/size_data_f1/test/sst2/test.txt,0.7660550458715596,2025-10-19_01-11-56,/content/drive/MyDrive/EDA_Project/models_v1/sst2__size-2_small__lstm__eda-ri_a0.2__2025-10-19_01-11-56.json,0.7660550458715596,,,,,,20.0
sst2,2_small,eda,ri,0.3,lstm,50,100,8,256,0.1,17.78,/content/drive/MyDrive/EDA_Project/size_data_f1/2_small/sst2/train_ri_0.3.txt,/content/drive/MyDrive/EDA_Project/size_data_f1/test/sst2/test.txt,0.7706422018348624,2025-10-19_01-12-17,/content/drive/MyDrive/EDA_Project/models_v1/sst2__size-2_small__lstm__eda-ri_a0.3__2025-10-19_01-12-17.json,0.7706422018348624,,,,,,20.0
sst2,2_small,eda,ri,0.4,lstm,50,100,8,256,0.1,17.84,/content/drive/MyDrive/EDA_Project/size_data_f1/2_small/sst2/train_ri_0.4.txt,/content/drive/MyDrive/EDA_Project/size_data_f1/test/sst2/test.txt,0.7763761467889908,2025-10-19_01-12-37,/content/drive/MyDrive/EDA_Project/models_v1/sst2__size-2_small__lstm__eda-ri_a0.4__2025-10-19_01-12-37.json,0.7763761467889908,,,,,,20.0
sst2,2_small,eda,ri,0.5,lstm,50,100,7,256,0.1,18.42,/content/drive/MyDrive/EDA_Project/size_data_f1/2_small/sst2/train_ri_0.5.txt,/content/drive/MyDrive/EDA_Project/size_data_f1/test/sst2/test.txt,0.7637614678899083,2025-10-19_01-12-58,/content/drive/MyDrive/EDA_Project/models_v1/sst2__size-2_small__lstm__eda-ri_a0.5__2025-10-19_01-12-58.json,0.7637614678899083,,,,,,20.0
sst2,2_small,eda,rs,0.1,lstm,50,100,10,256,0.1,20.1,/content/drive/MyDrive/EDA_Project/size_data_f1/2_small/sst2/train_rs_0.1.txt,/content/drive/MyDrive/EDA_Project/size_data_f1/test/sst2/test.txt,0.7626146788990825,2025-10-19_01-15-01,/content/drive/MyDrive/EDA_Project/models_v1/sst2__size-2_small__lstm__eda-rs_a0.1__2025-10-19_01-15-01.json,0.7626146788990825,,,,,,20.0
sst2,2_small,eda,rs,0.2,lstm,50,100,8,256,0.1,17.82,/content/drive/MyDrive/EDA_Project/size_data_f1/2_small/sst2/train_rs_0.2.txt,/content/drive/MyDrive/EDA_Project/size_data_f1/test/sst2/test.txt,0.7568807339449541,2025-10-19_01-15-22,/content/drive/MyDrive/EDA_Project/models_v1/sst2__size-2_small__lstm__eda-rs_a0.2__2025-10-19_01-15-22.json,0.7568807339449541,,,,,,20.0
sst2,2_small,eda,rs,0.3,lstm,50,100,9,256,0.1,19.07,/content/drive/MyDrive/EDA_Project/size_data_f1/2_small/sst2/train_rs_0.3.txt,/content/drive/MyDrive/EDA_Project/size_data_f1/test/sst2/test.txt,0.7809633027522935,2025-10-19_01-15-43,/content/drive/MyDrive/EDA_Project/models_v1/sst2__size-2_small__lstm__eda-rs_a0.3__2025-10-19_01-15-43.json,0.7809633027522935,,,,,,20.0
sst2,2_small,eda,rs,0.4,lstm,50,100,8,256,0.1,17.84,/content/drive/MyDrive/EDA_Project/size_data_f1/2_small/sst2/train_rs_0.4.txt,/content/drive/MyDrive/EDA_Project/size_data_f1/test/sst2/test.txt,0.7580275229357798,2025-10-19_01-16-03,/content/drive/MyDrive/EDA_Project/models_v1/sst2__size-2_small__lstm__eda-rs_a0.4__2025-10-19_01-16-03.json,0.7580275229357798,,,,,,20.0
sst2,2_small,eda,rs,0.5,lstm,50,100,8,256,0.1,17.88,/content/drive/MyDrive/EDA_Project/size_data_f1/2_small/sst2/train_rs_0.5.txt,/content/drive/MyDrive/EDA_Project/size_data_f1/test/sst2/test.txt,0.7477064220183486,2025-10-19_01-16-24,/content/drive/MyDrive/EDA_Project/models_v1/sst2__size-2_small__lstm__eda-rs_a0.5__2025-10-19_01-16-24.json,0.7477064220183486,,,,,,20.0
sst2,2_small,eda,sr,0.1,lstm,50,100,10,256,0.1,20.03,/content/drive/MyDrive/EDA_Project/size_data_f1/2_small/sst2/train_sr_0.1.txt,/content/drive/MyDrive/EDA_Project/size_data_f1/test/sst2/test.txt,0.7591743119266054,2025-10-19_01-09-50,/content/drive/MyDrive/EDA_Project/models_v1/sst2__size-2_small__lstm__eda-sr_a0.1__2025-10-19_01-09-50.json,0.7591743119266054,,,,,,20.0
sst2,2_small,eda,sr,0.2,lstm,50,100,10,256,0.1,20.07,/content/drive/MyDrive/EDA_Project/size_data_f1/2_small/sst2/train_sr_0.2.txt,/content/drive/MyDrive/EDA_Project/size_data_f1/test/sst2/test.txt,0.7362385321100917,2025-10-19_01-10-13,/content/drive/MyDrive/EDA_Project/models_v1/sst2__size-2_small__lstm__eda-sr_a0.2__2025-10-19_01-10-13.json,0.7362385321100917,,,,,,20.0
sst2,2_small,eda,sr,0.3,lstm,50,100,10,256,0.1,20.09,/content/drive/MyDrive/EDA_Project/size_data_f1/2_small/sst2/train_sr_0.3.txt,/content/drive/MyDrive/EDA_Project/size_data_f1/test/sst2/test.txt,0.7465596330275229,2025-10-19_01-10-35,/content/drive/MyDrive/EDA_Project/models_v1/sst2__size-2_small__lstm__eda-sr_a0.3__2025-10-19_01-10-35.json,0.7465596330275229,,,,,,20.0
sst2,2_small,eda,sr,0.4,lstm,50,100,7,256,0.1,16.59,/content/drive/MyDrive/EDA_Project/size_data_f1/2_small/sst2/train_sr_0.4.txt,/content/drive/MyDrive/EDA_Project/size_data_f1/test/sst2/test.txt,0.7408256880733946,2025-10-19_01-10-54,/content/drive/MyDrive/EDA_Project/models_v1/sst2__size-2_small__lstm__eda-sr_a0.4__2025-10-19_01-10-54.json,0.7408256880733946,,,,,,20.0
sst2,2_small,eda,sr,0.5,lstm,50,100,8,256,0.1,17.85,/content/drive/MyDrive/EDA_Project/size_data_f1/2_small/sst2/train_sr_0.5.txt,/content/drive/MyDrive/EDA_Project/size_data_f1/test/sst2/test.txt,0.7454128440366973,2025-10-19_01-11-14,/content/drive/MyDrive/EDA_Project/models_v1/sst2__size-2_small__lstm__eda-sr_a0.5__2025-10-19_01-11-14.json,0.7454128440366973,,,,,,20.0
sst2,3_standard,baseline,,,lstm,50,100,8,256,0.1,12.68,/content/drive/MyDrive/EDA_Project/size_data_f1/3_standard/sst2/train_orig.txt,/content/drive/MyDrive/EDA_Project/size_data_f1/test/sst2/test.txt,0.7970183486238532,2025-10-19_01-16-38,/content/drive/MyDrive/EDA_Project/models_v1/sst2__size-3_standard__lstm__baseline__2025-10-19_01-16-38.json,0.7970183486238532,,,,,,50.0
sst2,3_standard,eda,rd,0.1,lstm,50,100,10,256,0.1,28.66,/content/drive/MyDrive/EDA_Project/size_data_f1/3_standard/sst2/train_rd_0.1.txt,/content/drive/MyDrive/EDA_Project/size_data_f1/test/sst2/test.txt,0.7775229357798165,2025-10-19_01-21-51,/content/drive/MyDrive/EDA_Project/models_v1/sst2__size-3_standard__lstm__eda-rd_a0.1__2025-10-19_01-21-51.json,0.7775229357798165,,,,,,50.0
sst2,3_standard,eda,rd,0.2,lstm,50,100,6,256,0.1,21.36,/content/drive/MyDrive/EDA_Project/size_data_f1/3_standard/sst2/train_rd_0.2.txt,/content/drive/MyDrive/EDA_Project/size_data_f1/test/sst2/test.txt,0.75,2025-10-19_01-22-16,/content/drive/MyDrive/EDA_Project/models_v1/sst2__size-3_standard__lstm__eda-rd_a0.2__2025-10-19_01-22-16.json,0.75,,,,,,50.0
sst2,3_standard,eda,rd,0.3,lstm,50,100,8,256,0.1,25.0,/content/drive/MyDrive/EDA_Project/size_data_f1/3_standard/sst2/train_rd_0.3.txt,/content/drive/MyDrive/EDA_Project/size_data_f1/test/sst2/test.txt,0.7706422018348624,2025-10-19_01-22-44,/content/drive/MyDrive/EDA_Project/models_v1/sst2__size-3_standard__lstm__eda-rd_a0.3__2025-10-19_01-22-43.json,0.7706422018348624,,,,,,50.0
sst2,3_standard,eda,rd,0.4,lstm,50,100,9,256,0.1,26.71,/content/drive/MyDrive/EDA_Project/size_data_f1/3_standard/sst2/train_rd_0.4.txt,/content/drive/MyDrive/EDA_Project/size_data_f1/test/sst2/test.txt,0.7488532110091743,2025-10-19_01-23-13,/content/drive/MyDrive/EDA_Project/models_v1/sst2__size-3_standard__lstm__eda-rd_a0.4__2025-10-19_01-23-13.json,0.7488532110091743,,,,,,50.0
sst2,3_standard,eda,rd,0.5,lstm,50,100,7,256,0.1,23.2,/content/drive/MyDrive/EDA_Project/size_data_f1/3_standard/sst2/train_rd_0.5.txt,/content/drive/MyDrive/EDA_Project/size_data_f1/test/sst2/test.txt,0.7660550458715596,2025-10-19_01-23-39,/content/drive/MyDrive/EDA_Project/models_v1/sst2__size-3_standard__lstm__eda-rd_a0.5__2025-10-19_01-23-39.json,0.7660550458715596,,,,,,50.0
sst2,3_standard,eda,ri,0.1,lstm,50,100,8,256,0.1,24.96,/content/drive/MyDrive/EDA_Project/size_data_f1/3_standard/sst2/train_ri_0.1.txt,/content/drive/MyDrive/EDA_Project/size_data_f1/test/sst2/test.txt,0.7970183486238532,2025-10-19_01-19-28,/content/drive/MyDrive/EDA_Project/models_v1/sst2__size-3_standard__lstm__eda-ri_a0.1__2025-10-19_01-19-28.json,0.7970183486238532,,,,,,50.0
sst2,3_standard,eda,ri,0.2,lstm,50,100,8,256,0.1,25.2,/content/drive/MyDrive/EDA_Project/size_data_f1/3_standard/sst2/train_ri_0.2.txt,/content/drive/MyDrive/EDA_Project/size_data_f1/test/sst2/test.txt,0.7912844036697247,2025-10-19_01-19-56,/content/drive/MyDrive/EDA_Project/models_v1/sst2__size-3_standard__lstm__eda-ri_a0.2__2025-10-19_01-19-56.json,0.7912844036697247,,,,,,50.0
sst2,3_standard,eda,ri,0.3,lstm,50,100,8,256,0.1,25.03,/content/drive/MyDrive/EDA_Project/size_data_f1/3_standard/sst2/train_ri_0.3.txt,/content/drive/MyDrive/EDA_Project/size_data_f1/test/sst2/test.txt,0.783256880733945,2025-10-19_01-20-24,/content/drive/MyDrive/EDA_Project/models_v1/sst2__size-3_standard__lstm__eda-ri_a0.3__2025-10-19_01-20-24.json,0.783256880733945,,,,,,50.0
sst2,3_standard,eda,ri,0.4,lstm,50,100,8,256,0.1,24.9,/content/drive/MyDrive/EDA_Project/size_data_f1/3_standard/sst2/train_ri_0.4.txt,/content/drive/MyDrive/EDA_Project/size_data_f1/test/sst2/test.txt,0.783256880733945,2025-10-19_01-20-53,/content/drive/MyDrive/EDA_Project/models_v1/sst2__size-3_standard__lstm__eda-ri_a0.4__2025-10-19_01-20-53.json,0.783256880733945,,,,,,50.0
sst2,3_standard,eda,ri,0.5,lstm,50,100,7,256,0.1,23.2,/content/drive/MyDrive/EDA_Project/size_data_f1/3_standard/sst2/train_ri_0.5.txt,/content/drive/MyDrive/EDA_Project/size_data_f1/test/sst2/test.txt,0.7844036697247706,2025-10-19_01-21-20,/content/drive/MyDrive/EDA_Project/models_v1/sst2__size-3_standard__lstm__eda-ri_a0.5__2025-10-19_01-21-20.json,0.7844036697247706,,,,,,50.0
sst2,3_standard,eda,rs,0.1,lstm,50,100,9,256,0.1,28.96,/content/drive/MyDrive/EDA_Project/size_data_f1/3_standard/sst2/train_rs_0.1.txt,/content/drive/MyDrive/EDA_Project/size_data_f1/test/sst2/test.txt,0.768348623853211,2025-10-19_01-24-11,/content/drive/MyDrive/EDA_Project/models_v1/sst2__size-3_standard__lstm__eda-rs_a0.1__2025-10-19_01-24-11.json,0.768348623853211,,,,,,50.0
sst2,3_standard,eda,rs,0.2,lstm,50,100,8,256,0.1,25.29,/content/drive/MyDrive/EDA_Project/size_data_f1/3_standard/sst2/train_rs_0.2.txt,/content/drive/MyDrive/EDA_Project/size_data_f1/test/sst2/test.txt,0.7694954128440367,2025-10-19_01-24-39,/content/drive/MyDrive/EDA_Project/models_v1/sst2__size-3_standard__lstm__eda-rs_a0.2__2025-10-19_01-24-39.json,0.7694954128440367,,,,,,50.0
sst2,3_standard,eda,rs,0.3,lstm,50,100,7,256,0.1,23.66,/content/drive/MyDrive/EDA_Project/size_data_f1/3_standard/sst2/train_rs_0.3.txt,/content/drive/MyDrive/EDA_Project/size_data_f1/test/sst2/test.txt,0.8004587155963303,2025-10-19_01-25-06,/content/drive/MyDrive/EDA_Project/models_v1/sst2__size-3_standard__lstm__eda-rs_a0.3__2025-10-19_01-25-06.json,0.8004587155963303,,,,,,50.0
sst2,3_standard,eda,rs,0.4,lstm,50,100,7,256,0.1,23.52,/content/drive/MyDrive/EDA_Project/size_data_f1/3_standard/sst2/train_rs_0.4.txt,/content/drive/MyDrive/EDA_Project/size_data_f1/test/sst2/test.txt,0.8004587155963303,2025-10-19_01-25-33,/content/drive/MyDrive/EDA_Project/models_v1/sst2__size-3_standard__lstm__eda-rs_a0.4__2025-10-19_01-25-33.json,0.8004587155963303,,,,,,50.0
sst2,3_standard,eda,rs,0.5,lstm,50,100,9,256,0.1,26.96,/content/drive/MyDrive/EDA_Project/size_data_f1/3_standard/sst2/train_rs_0.5.txt,/content/drive/MyDrive/EDA_Project/size_data_f1/test/sst2/test.txt,0.7844036697247706,2025-10-19_01-26-03,/content/drive/MyDrive/EDA_Project/models_v1/sst2__size-3_standard__lstm__eda-rs_a0.5__2025-10-19_01-26-03.json,0.7844036697247706,,,,,,50.0
sst2,3_standard,eda,sr,0.1,lstm,50,100,10,256,0.1,28.7,/content/drive/MyDrive/EDA_Project/size_data_f1/3_standard/sst2/train_sr_0.1.txt,/content/drive/MyDrive/EDA_Project/size_data_f1/test/sst2/test.txt,0.768348623853211,2025-10-19_01-17-10,/content/drive/MyDrive/EDA_Project/models_v1/sst2__size-3_standard__lstm__eda-sr_a0.1__2025-10-19_01-17-10.json,0.768348623853211,,,,,,50.0
sst2,3_standard,eda,sr,0.2,lstm,50,100,8,256,0.1,25.1,/content/drive/MyDrive/EDA_Project/size_data_f1/3_standard/sst2/train_sr_0.2.txt,/content/drive/MyDrive/EDA_Project/size_data_f1/test/sst2/test.txt,0.7580275229357798,2025-10-19_01-17-38,/content/drive/MyDrive/EDA_Project/models_v1/sst2__size-3_standard__lstm__eda-sr_a0.2__2025-10-19_01-17-38.json,0.7580275229357798,,,,,,50.0
sst2,3_standard,eda,sr,0.3,lstm,50,100,7,256,0.1,23.08,/content/drive/MyDrive/EDA_Project/size_data_f1/3_standard/sst2/train_sr_0.3.txt,/content/drive/MyDrive/EDA_Project/size_data_f1/test/sst2/test.txt,0.7511467889908257,2025-10-19_01-18-05,/content/drive/MyDrive/EDA_Project/models_v1/sst2__size-3_standard__lstm__eda-sr_a0.3__2025-10-19_01-18-05.json,0.7511467889908257,,,,,,50.0
sst2,3_standard,eda,sr,0.4,lstm,50,100,8,256,0.1,24.98,/content/drive/MyDrive/EDA_Project/size_data_f1/3_standard/sst2/train_sr_0.4.txt,/content/drive/MyDrive/EDA_Project/size_data_f1/test/sst2/test.txt,0.7431192660550459,2025-10-19_01-18-33,/content/drive/MyDrive/EDA_Project/models_v1/sst2__size-3_standard__lstm__eda-sr_a0.4__2025-10-19_01-18-33.json,0.7431192660550459,,,,,,50.0
sst2,3_standard,eda,sr,0.5,lstm,50,100,7,256,0.1,23.24,/content/drive/MyDrive/EDA_Project/size_data_f1/3_standard/sst2/train_sr_0.5.txt,/content/drive/MyDrive/EDA_Project/size_data_f1/test/sst2/test.txt,0.7614678899082569,2025-10-19_01-18-59,/content/drive/MyDrive/EDA_Project/models_v1/sst2__size-3_standard__lstm__eda-sr_a0.5__2025-10-19_01-18-59.json,0.7614678899082569,,,,,,50.0
sst2,4_full,baseline,,,lstm,50,100,8,256,0.1,17.76,/content/drive/MyDrive/EDA_Project/size_data_f1/4_full/sst2/train_orig.txt,/content/drive/MyDrive/EDA_Project/size_data_f1/test/sst2/test.txt,0.7855504587155964,2025-10-19_01-26-23,/content/drive/MyDrive/EDA_Project/models_v1/sst2__size-4_full__lstm__baseline__2025-10-19_01-26-23.json,0.7855504587155964,,,,,,100.0
sst2,4_full,eda,rd,0.1,lstm,50,100,11,256,0.1,50.93,/content/drive/MyDrive/EDA_Project/size_data_f1/4_full/sst2/train_rd_0.1.txt,/content/drive/MyDrive/EDA_Project/size_data_f1/test/sst2/test.txt,0.7694954128440367,2025-10-19_01-35-03,/content/drive/MyDrive/EDA_Project/models_v1/sst2__size-4_full__lstm__eda-rd_a0.1__2025-10-19_01-35-03.json,0.7694954128440367,,,,,,100.0
sst2,4_full,eda,rd,0.2,lstm,50,100,7,256,0.1,37.31,/content/drive/MyDrive/EDA_Project/size_data_f1/4_full/sst2/train_rd_0.2.txt,/content/drive/MyDrive/EDA_Project/size_data_f1/test/sst2/test.txt,0.7740825688073395,2025-10-19_01-35-45,/content/drive/MyDrive/EDA_Project/models_v1/sst2__size-4_full__lstm__eda-rd_a0.2__2025-10-19_01-35-45.json,0.7740825688073395,,,,,,100.0
sst2,4_full,eda,rd,0.3,lstm,50,100,9,256,0.1,44.04,/content/drive/MyDrive/EDA_Project/size_data_f1/4_full/sst2/train_rd_0.3.txt,/content/drive/MyDrive/EDA_Project/size_data_f1/test/sst2/test.txt,0.7568807339449541,2025-10-19_01-36-33,/content/drive/MyDrive/EDA_Project/models_v1/sst2__size-4_full__lstm__eda-rd_a0.3__2025-10-19_01-36-33.json,0.7568807339449541,,,,,,100.0
sst2,4_full,eda,rd,0.4,lstm,50,100,9,256,0.1,43.97,/content/drive/MyDrive/EDA_Project/size_data_f1/4_full/sst2/train_rd_0.4.txt,/content/drive/MyDrive/EDA_Project/size_data_f1/test/sst2/test.txt,0.7603211009174312,2025-10-19_01-37-21,/content/drive/MyDrive/EDA_Project/models_v1/sst2__size-4_full__lstm__eda-rd_a0.4__2025-10-19_01-37-21.json,0.7603211009174312,,,,,,100.0
sst2,4_full,eda,rd,0.5,lstm,50,100,8,256,0.1,40.35,/content/drive/MyDrive/EDA_Project/size_data_f1/4_full/sst2/train_rd_0.5.txt,/content/drive/MyDrive/EDA_Project/size_data_f1/test/sst2/test.txt,0.768348623853211,2025-10-19_01-38-05,/content/drive/MyDrive/EDA_Project/models_v1/sst2__size-4_full__lstm__eda-rd_a0.5__2025-10-19_01-38-05.json,0.768348623853211,,,,,,100.0
sst2,4_full,eda,ri,0.1,lstm,50,100,9,256,0.1,43.89,/content/drive/MyDrive/EDA_Project/size_data_f1/4_full/sst2/train_ri_0.1.txt,/content/drive/MyDrive/EDA_Project/size_data_f1/test/sst2/test.txt,0.7901376146788991,2025-10-19_01-31-00,/content/drive/MyDrive/EDA_Project/models_v1/sst2__size-4_full__lstm__eda-ri_a0.1__2025-10-19_01-31-00.json,0.7901376146788991,,,,,,100.0
sst2,4_full,eda,ri,0.2,lstm,50,100,9,256,0.1,43.87,/content/drive/MyDrive/EDA_Project/size_data_f1/4_full/sst2/train_ri_0.2.txt,/content/drive/MyDrive/EDA_Project/size_data_f1/test/sst2/test.txt,0.7993119266055045,2025-10-19_01-31-49,/content/drive/MyDrive/EDA_Project/models_v1/sst2__size-4_full__lstm__eda-ri_a0.2__2025-10-19_01-31-49.json,0.7993119266055045,,,,,,100.0
sst2,4_full,eda,ri,0.3,lstm,50,100,8,256,0.1,40.32,/content/drive/MyDrive/EDA_Project/size_data_f1/4_full/sst2/train_ri_0.3.txt,/content/drive/MyDrive/EDA_Project/size_data_f1/test/sst2/test.txt,0.8084862385321101,2025-10-19_01-32-35,/content/drive/MyDrive/EDA_Project/models_v1/sst2__size-4_full__lstm__eda-ri_a0.3__2025-10-19_01-32-35.json,0.8084862385321101,,,,,,100.0
sst2,4_full,eda,ri,0.4,lstm,50,100,8,256,0.1,40.27,/content/drive/MyDrive/EDA_Project/size_data_f1/4_full/sst2/train_ri_0.4.txt,/content/drive/MyDrive/EDA_Project/size_data_f1/test/sst2/test.txt,0.7993119266055045,2025-10-19_01-33-21,/content/drive/MyDrive/EDA_Project/models_v1/sst2__size-4_full__lstm__eda-ri_a0.4__2025-10-19_01-33-21.json,0.7993119266055045,,,,,,100.0
sst2,4_full,eda,ri,0.5,lstm,50,100,8,256,0.1,40.47,/content/drive/MyDrive/EDA_Project/size_data_f1/4_full/sst2/train_ri_0.5.txt,/content/drive/MyDrive/EDA_Project/size_data_f1/test/sst2/test.txt,0.768348623853211,2025-10-19_01-34-07,/content/drive/MyDrive/EDA_Project/models_v1/sst2__size-4_full__lstm__eda-ri_a0.5__2025-10-19_01-34-07.json,0.768348623853211,,,,,,100.0
sst2,4_full,eda,rs,0.1,lstm,50,100,8,256,0.1,40.4,/content/drive/MyDrive/EDA_Project/size_data_f1/4_full/sst2/train_rs_0.1.txt,/content/drive/MyDrive/EDA_Project/size_data_f1/test/sst2/test.txt,0.7855504587155964,2025-10-19_01-38-50,/content/drive/MyDrive/EDA_Project/models_v1/sst2__size-4_full__lstm__eda-rs_a0.1__2025-10-19_01-38-50.json,0.7855504587155964,,,,,,100.0
sst2,4_full,eda,rs,0.2,lstm,50,100,9,256,0.1,43.9,/content/drive/MyDrive/EDA_Project/size_data_f1/4_full/sst2/train_rs_0.2.txt,/content/drive/MyDrive/EDA_Project/size_data_f1/test/sst2/test.txt,0.7958715596330275,2025-10-19_01-39-39,/content/drive/MyDrive/EDA_Project/models_v1/sst2__size-4_full__lstm__eda-rs_a0.2__2025-10-19_01-39-39.json,0.7958715596330275,,,,,,100.0
sst2,4_full,eda,rs,0.3,lstm,50,100,8,256,0.1,40.36,/content/drive/MyDrive/EDA_Project/size_data_f1/4_full/sst2/train_rs_0.3.txt,/content/drive/MyDrive/EDA_Project/size_data_f1/test/sst2/test.txt,0.7694954128440367,2025-10-19_01-40-24,/content/drive/MyDrive/EDA_Project/models_v1/sst2__size-4_full__lstm__eda-rs_a0.3__2025-10-19_01-40-24.json,0.7694954128440367,,,,,,100.0
sst2,4_full,eda,rs,0.4,lstm,50,100,9,256,0.1,43.93,/content/drive/MyDrive/EDA_Project/size_data_f1/4_full/sst2/train_rs_0.4.txt,/content/drive/MyDrive/EDA_Project/size_data_f1/test/sst2/test.txt,0.7993119266055045,2025-10-19_01-41-13,/content/drive/MyDrive/EDA_Project/models_v1/sst2__size-4_full__lstm__eda-rs_a0.4__2025-10-19_01-41-13.json,0.7993119266055045,,,,,,100.0
sst2,4_full,eda,rs,0.5,lstm,50,100,11,256,0.1,50.95,/content/drive/MyDrive/EDA_Project/size_data_f1/4_full/sst2/train_rs_0.5.txt,/content/drive/MyDrive/EDA_Project/size_data_f1/test/sst2/test.txt,0.8004587155963303,2025-10-19_01-42-09,/content/drive/MyDrive/EDA_Project/models_v1/sst2__size-4_full__lstm__eda-rs_a0.5__2025-10-19_01-42-09.json,0.8004587155963303,,,,,,100.0
sst2,4_full,eda,sr,0.1,lstm,50,100,10,256,0.1,47.71,/content/drive/MyDrive/EDA_Project/size_data_f1/4_full/sst2/train_sr_0.1.txt,/content/drive/MyDrive/EDA_Project/size_data_f1/test/sst2/test.txt,0.768348623853211,2025-10-19_01-27-16,/content/drive/MyDrive/EDA_Project/models_v1/sst2__size-4_full__lstm__eda-sr_a0.1__2025-10-19_01-27-16.json,0.768348623853211,,,,,,100.0
sst2,4_full,eda,sr,0.2,lstm,50,100,8,256,0.1,40.77,/content/drive/MyDrive/EDA_Project/size_data_f1/4_full/sst2/train_sr_0.2.txt,/content/drive/MyDrive/EDA_Project/size_data_f1/test/sst2/test.txt,0.7614678899082569,2025-10-19_01-28-01,/content/drive/MyDrive/EDA_Project/models_v1/sst2__size-4_full__lstm__eda-sr_a0.2__2025-10-19_01-28-01.json,0.7614678899082569,,,,,,100.0
sst2,4_full,eda,sr,0.3,lstm,50,100,8,256,0.1,40.58,/content/drive/MyDrive/EDA_Project/size_data_f1/4_full/sst2/train_sr_0.3.txt,/content/drive/MyDrive/EDA_Project/size_data_f1/test/sst2/test.txt,0.7511467889908257,2025-10-19_01-28-47,/content/drive/MyDrive/EDA_Project/models_v1/sst2__size-4_full__lstm__eda-sr_a0.3__2025-10-19_01-28-47.json,0.7511467889908257,,,,,,100.0
sst2,4_full,eda,sr,0.4,lstm,50,100,6,256,0.1,33.49,/content/drive/MyDrive/EDA_Project/size_data_f1/4_full/sst2/train_sr_0.4.txt,/content/drive/MyDrive/EDA_Project/size_data_f1/test/sst2/test.txt,0.7763761467889908,2025-10-19_01-29-26,/content/drive/MyDrive/EDA_Project/models_v1/sst2__size-4_full__lstm__eda-sr_a0.4__2025-10-19_01-29-26.json,0.7763761467889908,,,,,,100.0
sst2,4_full,eda,sr,0.5,lstm,50,100,8,256,0.1,40.74,/content/drive/MyDrive/EDA_Project/size_data_f1/4_full/sst2/train_sr_0.5.txt,/content/drive/MyDrive/EDA_Project/size_data_f1/test/sst2/test.txt,0.7396788990825688,2025-10-19_01-30-11,/content/drive/MyDrive/EDA_Project/models_v1/sst2__size-4_full__lstm__eda-sr_a0.5__2025-10-19_01-30-11.json,0.7396788990825688,,,,,,100.0
