timestamp,size,method,alpha,num_aug,input,output,seconds
2025-10-18T22:32:06.903910,1_tiny,sr,0.05,16,/content/drive/MyDrive/EDA_Project/size_data_f1/1_tiny/sst2/train_orig.txt,/content/drive/MyDrive/EDA_Project/size_data_f1/1_tiny/sst2/train_sr_0.05.txt,1.94
2025-10-18T22:32:08.443362,1_tiny,sr,0.1,16,/content/drive/MyDrive/EDA_Project/size_data_f1/1_tiny/sst2/train_orig.txt,/content/drive/MyDrive/EDA_Project/size_data_f1/1_tiny/sst2/train_sr_0.1.txt,1.53
2025-10-18T22:32:10.453022,1_tiny,sr,0.2,16,/content/drive/MyDrive/EDA_Project/size_data_f1/1_tiny/sst2/train_orig.txt,/content/drive/MyDrive/EDA_Project/size_data_f1/1_tiny/sst2/train_sr_0.2.txt,2.0
2025-10-18T22:32:12.870361,1_tiny,sr,0.3,16,/content/drive/MyDrive/EDA_Project/size_data_f1/1_tiny/sst2/train_orig.txt,/content/drive/MyDrive/EDA_Project/size_data_f1/1_tiny/sst2/train_sr_0.3.txt,2.41
2025-10-18T22:32:16.663368,1_tiny,sr,0.4,16,/content/drive/MyDrive/EDA_Project/size_data_f1/1_tiny/sst2/train_orig.txt,/content/drive/MyDrive/EDA_Project/size_data_f1/1_tiny/sst2/train_sr_0.4.txt,3.79
2025-10-18T22:32:20.879909,1_tiny,sr,0.5,16,/content/drive/MyDrive/EDA_Project/size_data_f1/1_tiny/sst2/train_orig.txt,/content/drive/MyDrive/EDA_Project/size_data_f1/1_tiny/sst2/train_sr_0.5.txt,4.21
2025-10-18T22:32:22.027156,1_tiny,ri,0.05,16,/content/drive/MyDrive/EDA_Project/size_data_f1/1_tiny/sst2/train_orig.txt,/content/drive/MyDrive/EDA_Project/size_data_f1/1_tiny/sst2/train_ri_0.05.txt,1.14
2025-10-18T22:32:23.269521,1_tiny,ri,0.1,16,/content/drive/MyDrive/EDA_Project/size_data_f1/1_tiny/sst2/train_orig.txt,/content/drive/MyDrive/EDA_Project/size_data_f1/1_tiny/sst2/train_ri_0.1.txt,1.24
2025-10-18T22:32:25.051646,1_tiny,ri,0.2,16,/content/drive/MyDrive/EDA_Project/size_data_f1/1_tiny/sst2/train_orig.txt,/content/drive/MyDrive/EDA_Project/size_data_f1/1_tiny/sst2/train_ri_0.2.txt,1.78
2025-10-18T22:32:27.376733,1_tiny,ri,0.3,16,/content/drive/MyDrive/EDA_Project/size_data_f1/1_tiny/sst2/train_orig.txt,/content/drive/MyDrive/EDA_Project/size_data_f1/1_tiny/sst2/train_ri_0.3.txt,2.32
2025-10-18T22:32:31.595983,1_tiny,ri,0.4,16,/content/drive/MyDrive/EDA_Project/size_data_f1/1_tiny/sst2/train_orig.txt,/content/drive/MyDrive/EDA_Project/size_data_f1/1_tiny/sst2/train_ri_0.4.txt,4.21
2025-10-18T22:32:35.588447,1_tiny,ri,0.5,16,/content/drive/MyDrive/EDA_Project/size_data_f1/1_tiny/sst2/train_orig.txt,/content/drive/MyDrive/EDA_Project/size_data_f1/1_tiny/sst2/train_ri_0.5.txt,3.99
2025-10-18T22:32:35.904708,1_tiny,rd,0.05,16,/content/drive/MyDrive/EDA_Project/size_data_f1/1_tiny/sst2/train_orig.txt,/content/drive/MyDrive/EDA_Project/size_data_f1/1_tiny/sst2/train_rd_0.05.txt,0.31
2025-10-18T22:32:36.196912,1_tiny,rd,0.1,16,/content/drive/MyDrive/EDA_Project/size_data_f1/1_tiny/sst2/train_orig.txt,/content/drive/MyDrive/EDA_Project/size_data_f1/1_tiny/sst2/train_rd_0.1.txt,0.29
2025-10-18T22:32:36.491632,1_tiny,rd,0.2,16,/content/drive/MyDrive/EDA_Project/size_data_f1/1_tiny/sst2/train_orig.txt,/content/drive/MyDrive/EDA_Project/size_data_f1/1_tiny/sst2/train_rd_0.2.txt,0.29
2025-10-18T22:32:36.749720,1_tiny,rd,0.3,16,/content/drive/MyDrive/EDA_Project/size_data_f1/1_tiny/sst2/train_orig.txt,/content/drive/MyDrive/EDA_Project/size_data_f1/1_tiny/sst2/train_rd_0.3.txt,0.25
2025-10-18T22:32:36.990833,1_tiny,rd,0.4,16,/content/drive/MyDrive/EDA_Project/size_data_f1/1_tiny/sst2/train_orig.txt,/content/drive/MyDrive/EDA_Project/size_data_f1/1_tiny/sst2/train_rd_0.4.txt,0.24
2025-10-18T22:32:37.225581,1_tiny,rd,0.5,16,/content/drive/MyDrive/EDA_Project/size_data_f1/1_tiny/sst2/train_orig.txt,/content/drive/MyDrive/EDA_Project/size_data_f1/1_tiny/sst2/train_rd_0.5.txt,0.23
2025-10-18T22:32:37.538874,1_tiny,rs,0.05,16,/content/drive/MyDrive/EDA_Project/size_data_f1/1_tiny/sst2/train_orig.txt,/content/drive/MyDrive/EDA_Project/size_data_f1/1_tiny/sst2/train_rs_0.05.txt,0.31
2025-10-18T22:32:37.832490,1_tiny,rs,0.1,16,/content/drive/MyDrive/EDA_Project/size_data_f1/1_tiny/sst2/train_orig.txt,/content/drive/MyDrive/EDA_Project/size_data_f1/1_tiny/sst2/train_rs_0.1.txt,0.29
2025-10-18T22:32:38.160345,1_tiny,rs,0.2,16,/content/drive/MyDrive/EDA_Project/size_data_f1/1_tiny/sst2/train_orig.txt,/content/drive/MyDrive/EDA_Project/size_data_f1/1_tiny/sst2/train_rs_0.2.txt,0.32
2025-10-18T22:32:38.493168,1_tiny,rs,0.3,16,/content/drive/MyDrive/EDA_Project/size_data_f1/1_tiny/sst2/train_orig.txt,/content/drive/MyDrive/EDA_Project/size_data_f1/1_tiny/sst2/train_rs_0.3.txt,0.33
2025-10-18T22:32:38.832527,1_tiny,rs,0.4,16,/content/drive/MyDrive/EDA_Project/size_data_f1/1_tiny/sst2/train_orig.txt,/content/drive/MyDrive/EDA_Project/size_data_f1/1_tiny/sst2/train_rs_0.4.txt,0.33
2025-10-18T22:32:39.195711,1_tiny,rs,0.5,16,/content/drive/MyDrive/EDA_Project/size_data_f1/1_tiny/sst2/train_orig.txt,/content/drive/MyDrive/EDA_Project/size_data_f1/1_tiny/sst2/train_rs_0.5.txt,0.36
2025-10-18T22:32:46.573619,2_small,sr,0.05,16,/content/drive/MyDrive/EDA_Project/size_data_f1/2_small/sst2/train_orig.txt,/content/drive/MyDrive/EDA_Project/size_data_f1/2_small/sst2/train_sr_0.05.txt,7.37
2025-10-18T22:32:53.667321,2_small,sr,0.1,16,/content/drive/MyDrive/EDA_Project/size_data_f1/2_small/sst2/train_orig.txt,/content/drive/MyDrive/EDA_Project/size_data_f1/2_small/sst2/train_sr_0.1.txt,7.09
2025-10-18T22:33:03.005035,2_small,sr,0.2,16,/content/drive/MyDrive/EDA_Project/size_data_f1/2_small/sst2/train_orig.txt,/content/drive/MyDrive/EDA_Project/size_data_f1/2_small/sst2/train_sr_0.2.txt,9.33
2025-10-18T22:33:14.780432,2_small,sr,0.3,16,/content/drive/MyDrive/EDA_Project/size_data_f1/2_small/sst2/train_orig.txt,/content/drive/MyDrive/EDA_Project/size_data_f1/2_small/sst2/train_sr_0.3.txt,11.75
2025-10-18T22:33:29.098853,2_small,sr,0.4,16,/content/drive/MyDrive/EDA_Project/size_data_f1/2_small/sst2/train_orig.txt,/content/drive/MyDrive/EDA_Project/size_data_f1/2_small/sst2/train_sr_0.4.txt,14.3
2025-10-18T22:33:44.503704,2_small,sr,0.5,16,/content/drive/MyDrive/EDA_Project/size_data_f1/2_small/sst2/train_orig.txt,/content/drive/MyDrive/EDA_Project/size_data_f1/2_small/sst2/train_sr_0.5.txt,15.4
2025-10-18T22:44:22.058175,1_tiny,sr,0.05,16,/content/drive/MyDrive/EDA_Project/size_data_f1/1_tiny/sst2/train_orig.txt,/content/drive/MyDrive/EDA_Project/size_data_f1/1_tiny/sst2/train_sr_0.05.txt,1.31
2025-10-18T22:44:23.462209,1_tiny,sr,0.1,16,/content/drive/MyDrive/EDA_Project/size_data_f1/1_tiny/sst2/train_orig.txt,/content/drive/MyDrive/EDA_Project/size_data_f1/1_tiny/sst2/train_sr_0.1.txt,1.4
2025-10-18T22:44:25.322540,1_tiny,sr,0.2,16,/content/drive/MyDrive/EDA_Project/size_data_f1/1_tiny/sst2/train_orig.txt,/content/drive/MyDrive/EDA_Project/size_data_f1/1_tiny/sst2/train_sr_0.2.txt,1.84
2025-10-18T22:44:27.668271,1_tiny,sr,0.3,16,/content/drive/MyDrive/EDA_Project/size_data_f1/1_tiny/sst2/train_orig.txt,/content/drive/MyDrive/EDA_Project/size_data_f1/1_tiny/sst2/train_sr_0.3.txt,2.34
2025-10-18T22:44:31.202221,1_tiny,sr,0.4,16,/content/drive/MyDrive/EDA_Project/size_data_f1/1_tiny/sst2/train_orig.txt,/content/drive/MyDrive/EDA_Project/size_data_f1/1_tiny/sst2/train_sr_0.4.txt,3.53
2025-10-18T22:44:36.031134,1_tiny,sr,0.5,16,/content/drive/MyDrive/EDA_Project/size_data_f1/1_tiny/sst2/train_orig.txt,/content/drive/MyDrive/EDA_Project/size_data_f1/1_tiny/sst2/train_sr_0.5.txt,4.82
2025-10-18T22:44:37.180931,1_tiny,ri,0.05,16,/content/drive/MyDrive/EDA_Project/size_data_f1/1_tiny/sst2/train_orig.txt,/content/drive/MyDrive/EDA_Project/size_data_f1/1_tiny/sst2/train_ri_0.05.txt,1.14
2025-10-18T22:44:38.423462,1_tiny,ri,0.1,16,/content/drive/MyDrive/EDA_Project/size_data_f1/1_tiny/sst2/train_orig.txt,/content/drive/MyDrive/EDA_Project/size_data_f1/1_tiny/sst2/train_ri_0.1.txt,1.24
2025-10-18T22:44:40.099369,1_tiny,ri,0.2,16,/content/drive/MyDrive/EDA_Project/size_data_f1/1_tiny/sst2/train_orig.txt,/content/drive/MyDrive/EDA_Project/size_data_f1/1_tiny/sst2/train_ri_0.2.txt,1.67
2025-10-18T22:44:42.333657,1_tiny,ri,0.3,16,/content/drive/MyDrive/EDA_Project/size_data_f1/1_tiny/sst2/train_orig.txt,/content/drive/MyDrive/EDA_Project/size_data_f1/1_tiny/sst2/train_ri_0.3.txt,2.23
2025-10-18T22:44:46.136403,1_tiny,ri,0.4,16,/content/drive/MyDrive/EDA_Project/size_data_f1/1_tiny/sst2/train_orig.txt,/content/drive/MyDrive/EDA_Project/size_data_f1/1_tiny/sst2/train_ri_0.4.txt,3.8
2025-10-18T22:44:50.314933,1_tiny,ri,0.5,16,/content/drive/MyDrive/EDA_Project/size_data_f1/1_tiny/sst2/train_orig.txt,/content/drive/MyDrive/EDA_Project/size_data_f1/1_tiny/sst2/train_ri_0.5.txt,4.17
2025-10-18T22:44:50.616226,1_tiny,rd,0.05,16,/content/drive/MyDrive/EDA_Project/size_data_f1/1_tiny/sst2/train_orig.txt,/content/drive/MyDrive/EDA_Project/size_data_f1/1_tiny/sst2/train_rd_0.05.txt,0.3
2025-10-18T22:44:50.916314,1_tiny,rd,0.1,16,/content/drive/MyDrive/EDA_Project/size_data_f1/1_tiny/sst2/train_orig.txt,/content/drive/MyDrive/EDA_Project/size_data_f1/1_tiny/sst2/train_rd_0.1.txt,0.29
2025-10-18T22:44:51.212354,1_tiny,rd,0.2,16,/content/drive/MyDrive/EDA_Project/size_data_f1/1_tiny/sst2/train_orig.txt,/content/drive/MyDrive/EDA_Project/size_data_f1/1_tiny/sst2/train_rd_0.2.txt,0.29
2025-10-18T22:44:51.496401,1_tiny,rd,0.3,16,/content/drive/MyDrive/EDA_Project/size_data_f1/1_tiny/sst2/train_orig.txt,/content/drive/MyDrive/EDA_Project/size_data_f1/1_tiny/sst2/train_rd_0.3.txt,0.28
2025-10-18T22:44:51.758337,1_tiny,rd,0.4,16,/content/drive/MyDrive/EDA_Project/size_data_f1/1_tiny/sst2/train_orig.txt,/content/drive/MyDrive/EDA_Project/size_data_f1/1_tiny/sst2/train_rd_0.4.txt,0.24
2025-10-18T22:44:51.990485,1_tiny,rd,0.5,16,/content/drive/MyDrive/EDA_Project/size_data_f1/1_tiny/sst2/train_orig.txt,/content/drive/MyDrive/EDA_Project/size_data_f1/1_tiny/sst2/train_rd_0.5.txt,0.23
2025-10-18T22:44:52.319636,1_tiny,rs,0.05,16,/content/drive/MyDrive/EDA_Project/size_data_f1/1_tiny/sst2/train_orig.txt,/content/drive/MyDrive/EDA_Project/size_data_f1/1_tiny/sst2/train_rs_0.05.txt,0.32
2025-10-18T22:44:52.624861,1_tiny,rs,0.1,16,/content/drive/MyDrive/EDA_Project/size_data_f1/1_tiny/sst2/train_orig.txt,/content/drive/MyDrive/EDA_Project/size_data_f1/1_tiny/sst2/train_rs_0.1.txt,0.3
2025-10-18T22:44:52.938312,1_tiny,rs,0.2,16,/content/drive/MyDrive/EDA_Project/size_data_f1/1_tiny/sst2/train_orig.txt,/content/drive/MyDrive/EDA_Project/size_data_f1/1_tiny/sst2/train_rs_0.2.txt,0.31
2025-10-18T22:44:53.287329,1_tiny,rs,0.3,16,/content/drive/MyDrive/EDA_Project/size_data_f1/1_tiny/sst2/train_orig.txt,/content/drive/MyDrive/EDA_Project/size_data_f1/1_tiny/sst2/train_rs_0.3.txt,0.34
2025-10-18T22:44:53.635635,1_tiny,rs,0.4,16,/content/drive/MyDrive/EDA_Project/size_data_f1/1_tiny/sst2/train_orig.txt,/content/drive/MyDrive/EDA_Project/size_data_f1/1_tiny/sst2/train_rs_0.4.txt,0.34
2025-10-18T22:44:54.019338,1_tiny,rs,0.5,16,/content/drive/MyDrive/EDA_Project/size_data_f1/1_tiny/sst2/train_orig.txt,/content/drive/MyDrive/EDA_Project/size_data_f1/1_tiny/sst2/train_rs_0.5.txt,0.38
2025-10-18T22:45:00.475679,2_small,sr,0.05,16,/content/drive/MyDrive/EDA_Project/size_data_f1/2_small/sst2/train_orig.txt,/content/drive/MyDrive/EDA_Project/size_data_f1/2_small/sst2/train_sr_0.05.txt,6.44
2025-10-18T22:45:06.703950,2_small,sr,0.1,16,/content/drive/MyDrive/EDA_Project/size_data_f1/2_small/sst2/train_orig.txt,/content/drive/MyDrive/EDA_Project/size_data_f1/2_small/sst2/train_sr_0.1.txt,6.22
2025-10-18T22:45:16.671851,2_small,sr,0.2,16,/content/drive/MyDrive/EDA_Project/size_data_f1/2_small/sst2/train_orig.txt,/content/drive/MyDrive/EDA_Project/size_data_f1/2_small/sst2/train_sr_0.2.txt,9.96
2025-10-18T22:45:26.265603,2_small,sr,0.3,16,/content/drive/MyDrive/EDA_Project/size_data_f1/2_small/sst2/train_orig.txt,/content/drive/MyDrive/EDA_Project/size_data_f1/2_small/sst2/train_sr_0.3.txt,9.58
2025-10-18T22:45:39.451964,2_small,sr,0.4,16,/content/drive/MyDrive/EDA_Project/size_data_f1/2_small/sst2/train_orig.txt,/content/drive/MyDrive/EDA_Project/size_data_f1/2_small/sst2/train_sr_0.4.txt,13.16
2025-10-18T22:45:55.187620,2_small,sr,0.5,16,/content/drive/MyDrive/EDA_Project/size_data_f1/2_small/sst2/train_orig.txt,/content/drive/MyDrive/EDA_Project/size_data_f1/2_small/sst2/train_sr_0.5.txt,15.73
2025-10-18T22:46:00.823041,2_small,ri,0.05,16,/content/drive/MyDrive/EDA_Project/size_data_f1/2_small/sst2/train_orig.txt,/content/drive/MyDrive/EDA_Project/size_data_f1/2_small/sst2/train_ri_0.05.txt,5.63
2025-10-18T22:46:05.769650,2_small,ri,0.1,16,/content/drive/MyDrive/EDA_Project/size_data_f1/2_small/sst2/train_orig.txt,/content/drive/MyDrive/EDA_Project/size_data_f1/2_small/sst2/train_ri_0.1.txt,4.94
2025-10-18T22:46:14.280199,2_small,ri,0.2,16,/content/drive/MyDrive/EDA_Project/size_data_f1/2_small/sst2/train_orig.txt,/content/drive/MyDrive/EDA_Project/size_data_f1/2_small/sst2/train_ri_0.2.txt,8.51
2025-10-18T22:46:24.407833,2_small,ri,0.3,16,/content/drive/MyDrive/EDA_Project/size_data_f1/2_small/sst2/train_orig.txt,/content/drive/MyDrive/EDA_Project/size_data_f1/2_small/sst2/train_ri_0.3.txt,10.12
2025-10-18T22:46:37.075984,2_small,ri,0.4,16,/content/drive/MyDrive/EDA_Project/size_data_f1/2_small/sst2/train_orig.txt,/content/drive/MyDrive/EDA_Project/size_data_f1/2_small/sst2/train_ri_0.4.txt,12.66
2025-10-18T22:46:54.151393,2_small,ri,0.5,16,/content/drive/MyDrive/EDA_Project/size_data_f1/2_small/sst2/train_orig.txt,/content/drive/MyDrive/EDA_Project/size_data_f1/2_small/sst2/train_ri_0.5.txt,17.07
2025-10-18T22:46:55.342559,2_small,rd,0.05,16,/content/drive/MyDrive/EDA_Project/size_data_f1/2_small/sst2/train_orig.txt,/content/drive/MyDrive/EDA_Project/size_data_f1/2_small/sst2/train_rd_0.05.txt,1.19
2025-10-18T22:46:56.499362,2_small,rd,0.1,16,/content/drive/MyDrive/EDA_Project/size_data_f1/2_small/sst2/train_orig.txt,/content/drive/MyDrive/EDA_Project/size_data_f1/2_small/sst2/train_rd_0.1.txt,1.15
2025-10-18T22:46:57.574742,2_small,rd,0.2,16,/content/drive/MyDrive/EDA_Project/size_data_f1/2_small/sst2/train_orig.txt,/content/drive/MyDrive/EDA_Project/size_data_f1/2_small/sst2/train_rd_0.2.txt,1.07
2025-10-18T22:46:58.595870,2_small,rd,0.3,16,/content/drive/MyDrive/EDA_Project/size_data_f1/2_small/sst2/train_orig.txt,/content/drive/MyDrive/EDA_Project/size_data_f1/2_small/sst2/train_rd_0.3.txt,1.02
2025-10-18T22:46:59.549298,2_small,rd,0.4,16,/content/drive/MyDrive/EDA_Project/size_data_f1/2_small/sst2/train_orig.txt,/content/drive/MyDrive/EDA_Project/size_data_f1/2_small/sst2/train_rd_0.4.txt,0.95
2025-10-18T22:47:00.426121,2_small,rd,0.5,16,/content/drive/MyDrive/EDA_Project/size_data_f1/2_small/sst2/train_orig.txt,/content/drive/MyDrive/EDA_Project/size_data_f1/2_small/sst2/train_rd_0.5.txt,0.87
2025-10-18T22:47:01.670051,2_small,rs,0.05,16,/content/drive/MyDrive/EDA_Project/size_data_f1/2_small/sst2/train_orig.txt,/content/drive/MyDrive/EDA_Project/size_data_f1/2_small/sst2/train_rs_0.05.txt,1.24
2025-10-18T22:47:02.850153,2_small,rs,0.1,16,/content/drive/MyDrive/EDA_Project/size_data_f1/2_small/sst2/train_orig.txt,/content/drive/MyDrive/EDA_Project/size_data_f1/2_small/sst2/train_rs_0.1.txt,1.17
2025-10-18T22:47:04.533998,2_small,rs,0.2,16,/content/drive/MyDrive/EDA_Project/size_data_f1/2_small/sst2/train_orig.txt,/content/drive/MyDrive/EDA_Project/size_data_f1/2_small/sst2/train_rs_0.2.txt,1.68
2025-10-18T22:47:06.888778,2_small,rs,0.3,16,/content/drive/MyDrive/EDA_Project/size_data_f1/2_small/sst2/train_orig.txt,/content/drive/MyDrive/EDA_Project/size_data_f1/2_small/sst2/train_rs_0.3.txt,2.35
2025-10-18T22:47:08.656295,2_small,rs,0.4,16,/content/drive/MyDrive/EDA_Project/size_data_f1/2_small/sst2/train_orig.txt,/content/drive/MyDrive/EDA_Project/size_data_f1/2_small/sst2/train_rs_0.4.txt,1.76
2025-10-18T22:47:10.106371,2_small,rs,0.5,16,/content/drive/MyDrive/EDA_Project/size_data_f1/2_small/sst2/train_orig.txt,/content/drive/MyDrive/EDA_Project/size_data_f1/2_small/sst2/train_rs_0.5.txt,1.44
2025-10-18T22:47:19.690251,3_standard,sr,0.05,8,/content/drive/MyDrive/EDA_Project/size_data_f1/3_standard/sst2/train_orig.txt,/content/drive/MyDrive/EDA_Project/size_data_f1/3_standard/sst2/train_sr_0.05.txt,9.58
2025-10-18T22:47:29.775231,3_standard,sr,0.1,8,/content/drive/MyDrive/EDA_Project/size_data_f1/3_standard/sst2/train_orig.txt,/content/drive/MyDrive/EDA_Project/size_data_f1/3_standard/sst2/train_sr_0.1.txt,10.08
2025-10-18T22:47:43.647925,3_standard,sr,0.2,8,/content/drive/MyDrive/EDA_Project/size_data_f1/3_standard/sst2/train_orig.txt,/content/drive/MyDrive/EDA_Project/size_data_f1/3_standard/sst2/train_sr_0.2.txt,13.87
2025-10-18T22:48:01.795762,3_standard,sr,0.3,8,/content/drive/MyDrive/EDA_Project/size_data_f1/3_standard/sst2/train_orig.txt,/content/drive/MyDrive/EDA_Project/size_data_f1/3_standard/sst2/train_sr_0.3.txt,18.14
2025-10-18T22:48:23.034587,3_standard,sr,0.4,8,/content/drive/MyDrive/EDA_Project/size_data_f1/3_standard/sst2/train_orig.txt,/content/drive/MyDrive/EDA_Project/size_data_f1/3_standard/sst2/train_sr_0.4.txt,21.23
2025-10-18T22:48:48.013187,3_standard,sr,0.5,8,/content/drive/MyDrive/EDA_Project/size_data_f1/3_standard/sst2/train_orig.txt,/content/drive/MyDrive/EDA_Project/size_data_f1/3_standard/sst2/train_sr_0.5.txt,24.97
2025-10-18T22:48:55.616620,3_standard,ri,0.05,8,/content/drive/MyDrive/EDA_Project/size_data_f1/3_standard/sst2/train_orig.txt,/content/drive/MyDrive/EDA_Project/size_data_f1/3_standard/sst2/train_ri_0.05.txt,7.59
2025-10-18T22:49:05.170942,3_standard,ri,0.1,8,/content/drive/MyDrive/EDA_Project/size_data_f1/3_standard/sst2/train_orig.txt,/content/drive/MyDrive/EDA_Project/size_data_f1/3_standard/sst2/train_ri_0.1.txt,9.54
2025-10-18T22:49:17.844599,3_standard,ri,0.2,8,/content/drive/MyDrive/EDA_Project/size_data_f1/3_standard/sst2/train_orig.txt,/content/drive/MyDrive/EDA_Project/size_data_f1/3_standard/sst2/train_ri_0.2.txt,12.67
2025-10-18T22:49:34.030099,3_standard,ri,0.3,8,/content/drive/MyDrive/EDA_Project/size_data_f1/3_standard/sst2/train_orig.txt,/content/drive/MyDrive/EDA_Project/size_data_f1/3_standard/sst2/train_ri_0.3.txt,16.18
2025-10-18T22:49:55.583191,3_standard,ri,0.4,8,/content/drive/MyDrive/EDA_Project/size_data_f1/3_standard/sst2/train_orig.txt,/content/drive/MyDrive/EDA_Project/size_data_f1/3_standard/sst2/train_ri_0.4.txt,21.55
2025-10-18T22:50:20.263202,3_standard,ri,0.5,8,/content/drive/MyDrive/EDA_Project/size_data_f1/3_standard/sst2/train_orig.txt,/content/drive/MyDrive/EDA_Project/size_data_f1/3_standard/sst2/train_ri_0.5.txt,24.67
2025-10-18T22:50:23.395735,3_standard,rd,0.05,8,/content/drive/MyDrive/EDA_Project/size_data_f1/3_standard/sst2/train_orig.txt,/content/drive/MyDrive/EDA_Project/size_data_f1/3_standard/sst2/train_rd_0.05.txt,3.13
2025-10-18T22:50:25.340481,3_standard,rd,0.1,8,/content/drive/MyDrive/EDA_Project/size_data_f1/3_standard/sst2/train_orig.txt,/content/drive/MyDrive/EDA_Project/size_data_f1/3_standard/sst2/train_rd_0.1.txt,1.94
2025-10-18T22:50:27.267336,3_standard,rd,0.2,8,/content/drive/MyDrive/EDA_Project/size_data_f1/3_standard/sst2/train_orig.txt,/content/drive/MyDrive/EDA_Project/size_data_f1/3_standard/sst2/train_rd_0.2.txt,1.92
2025-10-18T22:50:29.033522,3_standard,rd,0.3,8,/content/drive/MyDrive/EDA_Project/size_data_f1/3_standard/sst2/train_orig.txt,/content/drive/MyDrive/EDA_Project/size_data_f1/3_standard/sst2/train_rd_0.3.txt,1.76
2025-10-18T22:50:30.706391,3_standard,rd,0.4,8,/content/drive/MyDrive/EDA_Project/size_data_f1/3_standard/sst2/train_orig.txt,/content/drive/MyDrive/EDA_Project/size_data_f1/3_standard/sst2/train_rd_0.4.txt,1.67
2025-10-18T22:50:32.339016,3_standard,rd,0.5,8,/content/drive/MyDrive/EDA_Project/size_data_f1/3_standard/sst2/train_orig.txt,/content/drive/MyDrive/EDA_Project/size_data_f1/3_standard/sst2/train_rd_0.5.txt,1.63
2025-10-18T22:50:35.642240,3_standard,rs,0.05,8,/content/drive/MyDrive/EDA_Project/size_data_f1/3_standard/sst2/train_orig.txt,/content/drive/MyDrive/EDA_Project/size_data_f1/3_standard/sst2/train_rs_0.05.txt,3.3
2025-10-18T22:50:38.256280,3_standard,rs,0.1,8,/content/drive/MyDrive/EDA_Project/size_data_f1/3_standard/sst2/train_orig.txt,/content/drive/MyDrive/EDA_Project/size_data_f1/3_standard/sst2/train_rs_0.1.txt,2.6
2025-10-18T22:50:40.359284,3_standard,rs,0.2,8,/content/drive/MyDrive/EDA_Project/size_data_f1/3_standard/sst2/train_orig.txt,/content/drive/MyDrive/EDA_Project/size_data_f1/3_standard/sst2/train_rs_0.2.txt,2.1
2025-10-18T22:50:42.623406,3_standard,rs,0.3,8,/content/drive/MyDrive/EDA_Project/size_data_f1/3_standard/sst2/train_orig.txt,/content/drive/MyDrive/EDA_Project/size_data_f1/3_standard/sst2/train_rs_0.3.txt,2.24
2025-10-18T22:50:44.942383,3_standard,rs,0.4,8,/content/drive/MyDrive/EDA_Project/size_data_f1/3_standard/sst2/train_orig.txt,/content/drive/MyDrive/EDA_Project/size_data_f1/3_standard/sst2/train_rs_0.4.txt,2.31
2025-10-18T22:50:47.888441,3_standard,rs,0.5,8,/content/drive/MyDrive/EDA_Project/size_data_f1/3_standard/sst2/train_orig.txt,/content/drive/MyDrive/EDA_Project/size_data_f1/3_standard/sst2/train_rs_0.5.txt,2.94
2025-10-18T22:51:08.175109,4_full,sr,0.05,8,/content/drive/MyDrive/EDA_Project/size_data_f1/4_full/sst2/train_orig.txt,/content/drive/MyDrive/EDA_Project/size_data_f1/4_full/sst2/train_sr_0.05.txt,20.28
2025-10-18T22:51:28.621797,4_full,sr,0.1,8,/content/drive/MyDrive/EDA_Project/size_data_f1/4_full/sst2/train_orig.txt,/content/drive/MyDrive/EDA_Project/size_data_f1/4_full/sst2/train_sr_0.1.txt,20.44
2025-10-18T22:51:56.097151,4_full,sr,0.2,8,/content/drive/MyDrive/EDA_Project/size_data_f1/4_full/sst2/train_orig.txt,/content/drive/MyDrive/EDA_Project/size_data_f1/4_full/sst2/train_sr_0.2.txt,27.47
2025-10-18T22:52:31.723996,4_full,sr,0.3,8,/content/drive/MyDrive/EDA_Project/size_data_f1/4_full/sst2/train_orig.txt,/content/drive/MyDrive/EDA_Project/size_data_f1/4_full/sst2/train_sr_0.3.txt,35.62
2025-10-18T22:53:14.012497,4_full,sr,0.4,8,/content/drive/MyDrive/EDA_Project/size_data_f1/4_full/sst2/train_orig.txt,/content/drive/MyDrive/EDA_Project/size_data_f1/4_full/sst2/train_sr_0.4.txt,42.28
2025-10-18T22:54:02.176451,4_full,sr,0.5,8,/content/drive/MyDrive/EDA_Project/size_data_f1/4_full/sst2/train_orig.txt,/content/drive/MyDrive/EDA_Project/size_data_f1/4_full/sst2/train_sr_0.5.txt,48.16
2025-10-18T22:54:20.058433,4_full,ri,0.05,8,/content/drive/MyDrive/EDA_Project/size_data_f1/4_full/sst2/train_orig.txt,/content/drive/MyDrive/EDA_Project/size_data_f1/4_full/sst2/train_ri_0.05.txt,17.88
2025-10-18T22:54:37.680190,4_full,ri,0.1,8,/content/drive/MyDrive/EDA_Project/size_data_f1/4_full/sst2/train_orig.txt,/content/drive/MyDrive/EDA_Project/size_data_f1/4_full/sst2/train_ri_0.1.txt,17.62
2025-10-18T22:55:02.742705,4_full,ri,0.2,8,/content/drive/MyDrive/EDA_Project/size_data_f1/4_full/sst2/train_orig.txt,/content/drive/MyDrive/EDA_Project/size_data_f1/4_full/sst2/train_ri_0.2.txt,25.06
2025-10-18T22:55:34.655122,4_full,ri,0.3,8,/content/drive/MyDrive/EDA_Project/size_data_f1/4_full/sst2/train_orig.txt,/content/drive/MyDrive/EDA_Project/size_data_f1/4_full/sst2/train_ri_0.3.txt,31.91
2025-10-18T22:56:15.933565,4_full,ri,0.4,8,/content/drive/MyDrive/EDA_Project/size_data_f1/4_full/sst2/train_orig.txt,/content/drive/MyDrive/EDA_Project/size_data_f1/4_full/sst2/train_ri_0.4.txt,41.27
2025-10-18T22:57:07.320538,4_full,ri,0.5,8,/content/drive/MyDrive/EDA_Project/size_data_f1/4_full/sst2/train_orig.txt,/content/drive/MyDrive/EDA_Project/size_data_f1/4_full/sst2/train_ri_0.5.txt,51.38
2025-10-18T22:57:11.268796,4_full,rd,0.05,8,/content/drive/MyDrive/EDA_Project/size_data_f1/4_full/sst2/train_orig.txt,/content/drive/MyDrive/EDA_Project/size_data_f1/4_full/sst2/train_rd_0.05.txt,3.94
2025-10-18T22:57:15.143557,4_full,rd,0.1,8,/content/drive/MyDrive/EDA_Project/size_data_f1/4_full/sst2/train_orig.txt,/content/drive/MyDrive/EDA_Project/size_data_f1/4_full/sst2/train_rd_0.1.txt,3.87
2025-10-18T22:57:20.852597,4_full,rd,0.2,8,/content/drive/MyDrive/EDA_Project/size_data_f1/4_full/sst2/train_orig.txt,/content/drive/MyDrive/EDA_Project/size_data_f1/4_full/sst2/train_rd_0.2.txt,5.7
2025-10-18T22:57:24.399905,4_full,rd,0.3,8,/content/drive/MyDrive/EDA_Project/size_data_f1/4_full/sst2/train_orig.txt,/content/drive/MyDrive/EDA_Project/size_data_f1/4_full/sst2/train_rd_0.3.txt,3.54
2025-10-18T22:57:27.804514,4_full,rd,0.4,8,/content/drive/MyDrive/EDA_Project/size_data_f1/4_full/sst2/train_orig.txt,/content/drive/MyDrive/EDA_Project/size_data_f1/4_full/sst2/train_rd_0.4.txt,3.4
2025-10-18T22:57:31.148553,4_full,rd,0.5,8,/content/drive/MyDrive/EDA_Project/size_data_f1/4_full/sst2/train_orig.txt,/content/drive/MyDrive/EDA_Project/size_data_f1/4_full/sst2/train_rd_0.5.txt,3.34
2025-10-18T22:57:36.799107,4_full,rs,0.05,8,/content/drive/MyDrive/EDA_Project/size_data_f1/4_full/sst2/train_orig.txt,/content/drive/MyDrive/EDA_Project/size_data_f1/4_full/sst2/train_rs_0.05.txt,5.65
2025-10-18T22:57:40.827762,4_full,rs,0.1,8,/content/drive/MyDrive/EDA_Project/size_data_f1/4_full/sst2/train_orig.txt,/content/drive/MyDrive/EDA_Project/size_data_f1/4_full/sst2/train_rs_0.1.txt,4.02
2025-10-18T22:57:45.242075,4_full,rs,0.2,8,/content/drive/MyDrive/EDA_Project/size_data_f1/4_full/sst2/train_orig.txt,/content/drive/MyDrive/EDA_Project/size_data_f1/4_full/sst2/train_rs_0.2.txt,4.41
2025-10-18T22:57:51.242769,4_full,rs,0.3,8,/content/drive/MyDrive/EDA_Project/size_data_f1/4_full/sst2/train_orig.txt,/content/drive/MyDrive/EDA_Project/size_data_f1/4_full/sst2/train_rs_0.3.txt,6.0
2025-10-18T22:57:57.448894,4_full,rs,0.4,8,/content/drive/MyDrive/EDA_Project/size_data_f1/4_full/sst2/train_orig.txt,/content/drive/MyDrive/EDA_Project/size_data_f1/4_full/sst2/train_rs_0.4.txt,6.2
2025-10-18T22:58:05.201186,4_full,rs,0.5,8,/content/drive/MyDrive/EDA_Project/size_data_f1/4_full/sst2/train_orig.txt,/content/drive/MyDrive/EDA_Project/size_data_f1/4_full/sst2/train_rs_0.5.txt,7.74
